millet,state,district,year,month,modal_price
jowar,Maharashtra,Ahmednagar,2021,1,2684.52
jowar,Maharashtra,Akola,2021,1,1009.79
jowar,Maharashtra,Amarawati,2021,1,1183.86
jowar,Maharashtra,Beed,2021,1,1416.95
jowar,Maharashtra,Buldhana,2021,1,1053.2
jowar,Maharashtra,Chattrapati Sambhajinagar,2021,1,1586.27
jowar,Maharashtra,Dharashiv(Usmanabad),2021,1,1450.98
jowar,Maharashtra,Dhule,2021,1,1280.72
jowar,Maharashtra,Hingoli,2021,1,1422.64
jowar,Maharashtra,Jalana,2021,1,1944.29
jowar,Maharashtra,Jalgaon,2021,1,1559.84
jowar,Maharashtra,Latur,2021,1,1557.41
jowar,Maharashtra,Mumbai,2021,1,3558.42
jowar,Maharashtra,Nagpur,2021,1,2719.32
jowar,Maharashtra,Nanded,2021,1,1192.63
jowar,Maharashtra,Nandurbar,2021,1,1286.01
jowar,Maharashtra,Nashik,2021,1,1420.41
jowar,Maharashtra,Parbhani,2021,1,2138.04
jowar,Maharashtra,Pune,2021,1,4441.04
jowar,Maharashtra,Raigad,2021,1,2407.4
jowar,Maharashtra,Sangli,2021,1,3052.59
jowar,Maharashtra,Satara,2021,1,2996.0
jowar,Maharashtra,Sholapur,2021,1,3331.08
jowar,Maharashtra,Vashim,2021,1,1200.0
jowar,Maharashtra,Wardha,2021,1,1000.0
jowar,Maharashtra,Yavatmal,2021,1,1813.08
jowar,Maharashtra,Ahmednagar,2021,4,2686.28
jowar,Maharashtra,Akola,2021,4,942.32
jowar,Maharashtra,Amarawati,2021,4,1322.83
jowar,Maharashtra,Beed,2021,4,1869.81
jowar,Maharashtra,Buldhana,2021,4,1233.24
jowar,Maharashtra,Chattrapati Sambhajinagar,2021,4,2131.0
jowar,Maharashtra,Dharashiv(Usmanabad),2021,4,2271.02
jowar,Maharashtra,Dhule,2021,4,2591.62
jowar,Maharashtra,Hingoli,2021,4,1562.5
jowar,Maharashtra,Jalana,2021,4,1949.34
jowar,Maharashtra,Jalgaon,2021,4,1620.15
jowar,Maharashtra,Latur,2021,4,1771.04
jowar,Maharashtra,Mumbai,2021,4,3558.63
jowar,Maharashtra,Nagpur,2021,4,2500.0
jowar,Maharashtra,Nanded,2021,4,1179.36
jowar,Maharashtra,Nandurbar,2021,4,1860.97
jowar,Maharashtra,Nashik,2021,4,1675.25
jowar,Maharashtra,Parbhani,2021,4,1872.07
jowar,Maharashtra,Pune,2021,4,3312.94
jowar,Maharashtra,Raigad,2021,4,2473.83
jowar,Maharashtra,Sangli,2021,4,3096.6
jowar,Maharashtra,Satara,2021,4,3150.0
jowar,Maharashtra,Sholapur,2021,4,3261.33
jowar,Maharashtra,Vashim,2021,4,1430.5
jowar,Maharashtra,Yavatmal,2021,4,1269.43
jowar,Maharashtra,Ahmednagar,2021,7,2079.89
jowar,Maharashtra,Akola,2021,7,1136.23
jowar,Maharashtra,Amarawati,2021,7,1473.16
jowar,Maharashtra,Beed,2021,7,1539.75
jowar,Maharashtra,Buldhana,2021,7,1389.86
jowar,Maharashtra,Chattrapati Sambhajinagar,2021,7,1733.4
jowar,Maharashtra,Dharashiv(Usmanabad),2021,7,1586.04
jowar,Maharashtra,Dhule,2021,7,1702.42
jowar,Maharashtra,Hingoli,2021,7,1321.32
jowar,Maharashtra,Jalana,2021,7,1677.45
jowar,Maharashtra,Jalgaon,2021,7,1545.75
jowar,Maharashtra,Latur,2021,7,1508.97
jowar,Maharashtra,Mumbai,2021,7,3220.73
jowar,Maharashtra,Nagpur,2021,7,970.0
jowar,Maharashtra,Nanded,2021,7,1648.3
jowar,Maharashtra,Nandurbar,2021,7,1456.3
jowar,Maharashtra,Nashik,2021,7,1761.22
jowar,Maharashtra,Parbhani,2021,7,1470.09
jowar,Maharashtra,Pune,2021,7,4407.79
jowar,Maharashtra,Raigad,2021,7,1981.66
jowar,Maharashtra,Sangli,2021,7,3237.75
jowar,Maharashtra,Satara,2021,7,2725.0
jowar,Maharashtra,Sholapur,2021,7,2122.14
jowar,Maharashtra,Thane,2021,7,3307.27
jowar,Maharashtra,Vashim,2021,7,1306.54
jowar,Maharashtra,Wardha,2021,7,1121.82
jowar,Maharashtra,Yavatmal,2021,7,1713.02
jowar,Maharashtra,Ahmednagar,2021,10,1764.34
jowar,Maharashtra,Akola,2021,10,1165.43
jowar,Maharashtra,Amarawati,2021,10,1310.29
jowar,Maharashtra,Beed,2021,10,1354.57
jowar,Maharashtra,Buldhana,2021,10,1258.47
jowar,Maharashtra,Chattrapati Sambhajinagar,2021,10,1583.64
jowar,Maharashtra,Dharashiv(Usmanabad),2021,10,1476.92
jowar,Maharashtra,Dhule,2021,10,1641.02
jowar,Maharashtra,Hingoli,2021,10,1423.75
jowar,Maharashtra,Jalana,2021,10,1558.69
jowar,Maharashtra,Jalgaon,2021,10,1490.11
jowar,Maharashtra,Latur,2021,10,1357.61
jowar,Maharashtra,Mumbai,2021,10,3000.0
jowar,Maharashtra,Nagpur,2021,10,1158.33
jowar,Maharashtra,Nanded,2021,10,1256.86
jowar,Maharashtra,Nandurbar,2021,10,1486.85
jowar,Maharashtra,Nashik,2021,10,1441.46
jowar,Maharashtra,Parbhani,2021,10,1420.14
jowar,Maharashtra,Pune,2021,10,3966.54
jowar,Maharashtra,Raigad,2021,10,1576.34
jowar,Maharashtra,Sangli,2021,10,3002.52
jowar,Maharashtra,Satara,2021,10,1866.02
jowar,Maharashtra,Sholapur,2021,10,2428.98
jowar,Maharashtra,Thane,2021,10,3000.0
jowar,Maharashtra,Vashim,2021,10,1360.36
jowar,Maharashtra,Wardha,2021,10,1055.83
jowar,Maharashtra,Yavatmal,2021,10,1806.84
jowar,Karnataka,Bagalkot,2021,1,1150.0
jowar,Karnataka,Bangalore,2021,1,2676.44
jowar,Karnataka,Belgaum,2021,1,1647.29
jowar,Karnataka,Bellary,2021,1,1428.22
jowar,Karnataka,Bidar,2021,1,3316.98
jowar,Karnataka,Bijapur,2021,1,2733.33
jowar,Karnataka,Davangere,2021,1,1220.5
jowar,Karnataka,Dharwad,2021,1,2159.53
jowar,Karnataka,Gadag,2021,1,1638.55
jowar,Karnataka,Haveri,2021,1,1682.12
jowar,Karnataka,Kalburgi,2021,1,3126.98
jowar,Karnataka,Koppal,2021,1,1853.18
jowar,Karnataka,Raichur,2021,1,1767.62
jowar,Karnataka,Shimoga,2021,1,3350.0
jowar,Karnataka,Bagalkot,2021,4,1478.24
jowar,Karnataka,Bangalore,2021,4,2644.07
jowar,Karnataka,Belgaum,2021,4,2335.5
jowar,Karnataka,Bellary,2021,4,1801.41
jowar,Karnataka,Bidar,2021,4,3133.53
jowar,Karnataka,Bijapur,2021,4,2800.0
jowar,Karnataka,Davangere,2021,4,1461.29
jowar,Karnataka,Dharwad,2021,4,1896.54
jowar,Karnataka,Gadag,2021,4,1852.69
jowar,Karnataka,Haveri,2021,4,1300.0
jowar,Karnataka,Kalburgi,2021,4,2919.35
jowar,Karnataka,Koppal,2021,4,1708.6
jowar,Karnataka,Raichur,2021,4,2310.47
jowar,Karnataka,Shimoga,2021,4,3150.0
jowar,Karnataka,Bagalkot,2021,7,1080.0
jowar,Karnataka,Bangalore,2021,7,2519.44
jowar,Karnataka,Belgaum,2021,7,2400.86
jowar,Karnataka,Bellary,2021,7,1547.95
jowar,Karnataka,Bidar,2021,7,2880.67
jowar,Karnataka,Bijapur,2021,7,2255.43
jowar,Karnataka,Davangere,2021,7,1511.4
jowar,Karnataka,Dharwad,2021,7,1592.17
jowar,Karnataka,Gadag,2021,7,1583.96
jowar,Karnataka,Haveri,2021,7,2086.58
jowar,Karnataka,Kalburgi,2021,7,2384.11
jowar,Karnataka,Koppal,2021,7,2100.0
jowar,Karnataka,Mysore,2021,7,3710.04
jowar,Karnataka,Raichur,2021,7,1812.96
jowar,Karnataka,Shimoga,2021,7,3075.0
jowar,Karnataka,Bagalkot,2021,10,1290.78
jowar,Karnataka,Bangalore,2021,10,2213.07
jowar,Karnataka,Belgaum,2021,10,1655.59
jowar,Karnataka,Bellary,2021,10,1477.15
jowar,Karnataka,Bidar,2021,10,2615.42
jowar,Karnataka,Bijapur,2021,10,2000.0
jowar,Karnataka,Chamrajnagar,2021,10,1038.46
jowar,Karnataka,Chikmagalur,2021,10,6590.4
jowar,Karnataka,Davangere,2021,10,1480.29
jowar,Karnataka,Dharwad,2021,10,1540.19
jowar,Karnataka,Gadag,2021,10,1319.36
jowar,Karnataka,Hassan,2021,10,2600.0
jowar,Karnataka,Haveri,2021,10,1962.14
jowar,Karnataka,Kalburgi,2021,10,2048.08
jowar,Karnataka,Koppal,2021,10,1280.0
jowar,Karnataka,Mysore,2021,10,2080.77
jowar,Karnataka,Raichur,2021,10,2052.89
jowar,Karnataka,Shimoga,2021,10,3000.0
jowar,Karnataka,Tumkur,2021,10,3400.0
jowar,Maharashtra,Ahmednagar,2022,1,1808.29
jowar,Maharashtra,Akola,2022,1,1231.81
jowar,Maharashtra,Amarawati,2022,1,1325.85
jowar,Maharashtra,Beed,2022,1,1692.31
jowar,Maharashtra,Buldhana,2022,1,1431.41
jowar,Maharashtra,Chattrapati Sambhajinagar,2022,1,1632.94
jowar,Maharashtra,Dharashiv(Usmanabad),2022,1,1794.26
jowar,Maharashtra,Dhule,2022,1,1791.55
jowar,Maharashtra,Hingoli,2022,1,1404.33
jowar,Maharashtra,Jalana,2022,1,1793.71
jowar,Maharashtra,Jalgaon,2022,1,1584.4
jowar,Maharashtra,Latur,2022,1,1624.54
jowar,Maharashtra,Mumbai,2022,1,3500.0
jowar,Maharashtra,Nagpur,2022,1,1606.25
jowar,Maharashtra,Nanded,2022,1,1566.14
jowar,Maharashtra,Nandurbar,2022,1,1702.43
jowar,Maharashtra,Nashik,2022,1,1554.7
jowar,Maharashtra,Parbhani,2022,1,1608.74
jowar,Maharashtra,Pune,2022,1,4098.86
jowar,Maharashtra,Raigad,2022,1,1680.3
jowar,Maharashtra,Sangli,2022,1,3053.32
jowar,Maharashtra,Satara,2022,1,2023.86
jowar,Maharashtra,Sholapur,2022,1,2297.86
jowar,Maharashtra,Thane,2022,1,2850.0
jowar,Maharashtra,Vashim,2022,1,1336.36
jowar,Maharashtra,Wardha,2022,1,1055.0
jowar,Maharashtra,Yavatmal,2022,1,1900.0
jowar,Maharashtra,Ahmednagar,2022,4,2393.31
jowar,Maharashtra,Akola,2022,4,1787.5
jowar,Maharashtra,Amarawati,2022,4,1437.5
jowar,Maharashtra,Beed,2022,4,2148.4
jowar,Maharashtra,Buldhana,2022,4,4854.22
jowar,Maharashtra,Chattrapati Sambhajinagar,2022,4,2144.11
jowar,Maharashtra,Dharashiv(Usmanabad),2022,4,2130.37
jowar,Maharashtra,Dhule,2022,4,2428.1
jowar,Maharashtra,Gadchiroli,2022,4,2500.0
jowar,Maharashtra,Hingoli,2022,4,1545.0
jowar,Maharashtra,Jalana,2022,4,2189.26
jowar,Maharashtra,Jalgaon,2022,4,2092.25
jowar,Maharashtra,Latur,2022,4,2366.59
jowar,Maharashtra,Mumbai,2022,4,3173.69
jowar,Maharashtra,Nagpur,2022,4,2127.0
jowar,Maharashtra,Nanded,2022,4,1948.23
jowar,Maharashtra,Nandurbar,2022,4,2406.69
jowar,Maharashtra,Nashik,2022,4,1943.95
jowar,Maharashtra,Parbhani,2022,4,2059.3
jowar,Maharashtra,Pune,2022,4,3967.21
jowar,Maharashtra,Raigad,2022,4,2197.48
jowar,Maharashtra,Sangli,2022,4,3129.89
jowar,Maharashtra,Satara,2022,4,2678.33
jowar,Maharashtra,Sholapur,2022,4,2549.32
jowar,Maharashtra,Vashim,2022,4,1469.27
jowar,Maharashtra,Wardha,2022,4,1895.0
jowar,Maharashtra,Yavatmal,2022,4,1736.67
jowar,Maharashtra,Ahmednagar,2022,7,2478.65
jowar,Maharashtra,Akola,2022,7,1830.07
jowar,Maharashtra,Amarawati,2022,7,1587.5
jowar,Maharashtra,Beed,2022,7,2269.79
jowar,Maharashtra,Buldhana,2022,7,2017.73
jowar,Maharashtra,Chattrapati Sambhajinagar,2022,7,2316.67
jowar,Maharashtra,Dharashiv(Usmanabad),2022,7,2621.0
jowar,Maharashtra,Dhule,2022,7,2314.72
jowar,Maharashtra,Hingoli,2022,7,1663.41
jowar,Maharashtra,Jalana,2022,7,2366.15
jowar,Maharashtra,Jalgaon,2022,7,2220.6
jowar,Maharashtra,Latur,2022,7,2383.93
jowar,Maharashtra,Mumbai,2022,7,3453.46
jowar,Maharashtra,Nagpur,2022,7,1350.0
jowar,Maharashtra,Nanded,2022,7,1814.34
jowar,Maharashtra,Nandurbar,2022,7,2204.08
jowar,Maharashtra,Nashik,2022,7,2025.95
jowar,Maharashtra,Parbhani,2022,7,2138.47
jowar,Maharashtra,Pune,2022,7,4310.84
jowar,Maharashtra,Raigad,2022,7,2035.42
jowar,Maharashtra,Sangli,2022,7,3208.26
jowar,Maharashtra,Satara,2022,7,2672.28
jowar,Maharashtra,Sholapur,2022,7,2740.44
jowar,Maharashtra,Thane,2022,7,3000.0
jowar,Maharashtra,Vashim,2022,7,1843.48
jowar,Maharashtra,Yavatmal,2022,7,1887.93
jowar,Maharashtra,Ahmednagar,2022,10,2606.16
jowar,Maharashtra,Akola,2022,10,2218.0
jowar,Maharashtra,Amarawati,2022,10,1950.0
jowar,Maharashtra,Beed,2022,10,2697.69
jowar,Maharashtra,Buldhana,2022,10,2009.11
jowar,Maharashtra,Chattrapati Sambhajinagar,2022,10,2804.82
jowar,Maharashtra,Dharashiv(Usmanabad),2022,10,2869.32
jowar,Maharashtra,Dhule,2022,10,2545.17
jowar,Maharashtra,Hingoli,2022,10,2172.36
jowar,Maharashtra,Jalana,2022,10,2749.91
jowar,Maharashtra,Jalgaon,2022,10,2397.89
jowar,Maharashtra,Latur,2022,10,2504.92
jowar,Maharashtra,Mumbai,2022,10,3600.0
jowar,Maharashtra,Nanded,2022,10,1763.73
jowar,Maharashtra,Nandurbar,2022,10,2120.54
jowar,Maharashtra,Nashik,2022,10,2209.0
jowar,Maharashtra,Parbhani,2022,10,3070.21
jowar,Maharashtra,Pune,2022,10,4444.66
jowar,Maharashtra,Raigad,2022,10,2342.84
jowar,Maharashtra,Sangli,2022,10,3080.91
jowar,Maharashtra,Satara,2022,10,3000.0
jowar,Maharashtra,Sholapur,2022,10,3374.13
jowar,Maharashtra,Vashim,2022,10,1954.55
jowar,Maharashtra,Yavatmal,2022,10,1890.0
jowar,Karnataka,Bagalkot,2022,1,1750.0
jowar,Karnataka,Bangalore,2022,1,2292.89
jowar,Karnataka,Belgaum,2022,1,1793.7
jowar,Karnataka,Bellary,2022,1,1813.72
jowar,Karnataka,Bidar,2022,1,2608.34
jowar,Karnataka,Bijapur,2022,1,1892.86
jowar,Karnataka,Davangere,2022,1,1606.79
jowar,Karnataka,Dharwad,2022,1,1691.88
jowar,Karnataka,Gadag,2022,1,1602.01
jowar,Karnataka,Hassan,2022,1,2400.0
jowar,Karnataka,Haveri,2022,1,2302.02
jowar,Karnataka,Kalburgi,2022,1,2146.15
jowar,Karnataka,Koppal,2022,1,2600.0
jowar,Karnataka,Mysore,2022,1,3028.5
jowar,Karnataka,Raichur,2022,1,1864.09
jowar,Karnataka,Shimoga,2022,1,2850.0
jowar,Karnataka,Bagalkot,2022,7,1800.0
jowar,Karnataka,Bangalore,2022,7,2833.73
jowar,Karnataka,Belgaum,2022,7,2389.73
jowar,Karnataka,Bellary,2022,7,2195.42
jowar,Karnataka,Bidar,2022,7,2831.29
jowar,Karnataka,Bijapur,2022,7,2500.0
jowar,Karnataka,Davangere,2022,7,2141.94
jowar,Karnataka,Dharwad,2022,7,2152.0
jowar,Karnataka,Gadag,2022,7,2135.85
jowar,Karnataka,Haveri,2022,7,2502.15
jowar,Karnataka,Kalburgi,2022,7,2716.67
jowar,Karnataka,Koppal,2022,7,1900.0
jowar,Karnataka,Mysore,2022,7,3024.0
jowar,Karnataka,Raichur,2022,7,2226.88
jowar,Karnataka,Bangalore,2022,4,3297.89
jowar,Karnataka,Belgaum,2022,4,2212.19
jowar,Karnataka,Bellary,2022,4,2081.77
jowar,Karnataka,Bidar,2022,4,2785.51
jowar,Karnataka,Bijapur,2022,4,2900.0
jowar,Karnataka,Davangere,2022,4,1997.07
jowar,Karnataka,Dharwad,2022,4,1956.22
jowar,Karnataka,Gadag,2022,4,1961.02
jowar,Karnataka,Hassan,2022,4,4100.0
jowar,Karnataka,Haveri,2022,4,2199.72
jowar,Karnataka,Kalburgi,2022,4,2729.1
jowar,Karnataka,Koppal,2022,4,2300.0
jowar,Karnataka,Mysore,2022,4,2752.63
jowar,Karnataka,Raichur,2022,4,2233.82
jowar,Karnataka,Shimoga,2022,4,3000.0
jowar,Karnataka,Bagalkot,2022,10,1752.5
jowar,Karnataka,Bangalore,2022,10,2769.34
jowar,Karnataka,Belgaum,2022,10,2037.45
jowar,Karnataka,Bellary,2022,10,2032.01
jowar,Karnataka,Bidar,2022,10,2996.45
jowar,Karnataka,Chamrajnagar,2022,10,2000.0
jowar,Karnataka,Davangere,2022,10,1925.37
jowar,Karnataka,Dharwad,2022,10,2610.33
jowar,Karnataka,Gadag,2022,10,2304.64
jowar,Karnataka,Kalburgi,2022,10,2831.75
jowar,Karnataka,Koppal,2022,10,2272.73
jowar,Karnataka,Mysore,2022,10,3427.69
jowar,Karnataka,Shimoga,2022,10,3500.0
jowar,Maharashtra,Ahmednagar,2023,1,3537.69
jowar,Maharashtra,Akola,2023,1,2452.0
jowar,Maharashtra,Amarawati,2023,1,2000.0
jowar,Maharashtra,Beed,2023,1,3660.65
jowar,Maharashtra,Buldhana,2023,1,2333.87
jowar,Maharashtra,Chattrapati Sambhajinagar,2023,1,3157.26
jowar,Maharashtra,Dharashiv(Usmanabad),2023,1,3957.19
jowar,Maharashtra,Dhule,2023,1,2458.46
jowar,Maharashtra,Hingoli,2023,1,2985.25
jowar,Maharashtra,Jalana,2023,1,3669.23
jowar,Maharashtra,Jalgaon,2023,1,2763.08
jowar,Maharashtra,Latur,2023,1,3512.49
jowar,Maharashtra,Mumbai,2023,1,3868.98
jowar,Maharashtra,Nanded,2023,1,2694.44
jowar,Maharashtra,Nandurbar,2023,1,2626.58
jowar,Maharashtra,Nashik,2023,1,3185.0
jowar,Maharashtra,Parbhani,2023,1,3124.33
jowar,Maharashtra,Pune,2023,1,5205.5
jowar,Maharashtra,Raigad,2023,1,3250.0
jowar,Maharashtra,Sangli,2023,1,3158.0
jowar,Maharashtra,Satara,2023,1,3749.04
jowar,Maharashtra,Sholapur,2023,1,4059.41
jowar,Maharashtra,Thane,2023,1,3505.0
jowar,Maharashtra,Yavatmal,2023,1,2000.0
jowar,Maharashtra,Ahmednagar,2023,4,3700.26
jowar,Maharashtra,Beed,2023,4,3030.57
jowar,Maharashtra,Buldhana,2023,4,2547.6
jowar,Maharashtra,Chattrapati Sambhajinagar,2023,4,2750.5
jowar,Maharashtra,Dharashiv(Usmanabad),2023,4,3553.38
jowar,Maharashtra,Dhule,2023,4,3242.86
jowar,Maharashtra,Gadchiroli,2023,4,2871.43
jowar,Maharashtra,Hingoli,2023,4,1937.33
jowar,Maharashtra,Jalana,2023,4,3339.91
jowar,Maharashtra,Jalgaon,2023,4,2861.72
jowar,Maharashtra,Latur,2023,4,498.08
jowar,Maharashtra,Mumbai,2023,4,4200.0
jowar,Maharashtra,Nagpur,2023,4,3361.54
jowar,Maharashtra,Nanded,2023,4,2333.05
jowar,Maharashtra,Nandurbar,2023,4,3252.14
jowar,Maharashtra,Nashik,2023,4,2613.75
jowar,Maharashtra,Parbhani,2023,4,2643.42
jowar,Maharashtra,Pune,2023,4,4894.18
jowar,Maharashtra,Raigad,2023,4,3699.0
jowar,Maharashtra,Sangli,2023,4,3250.0
jowar,Maharashtra,Satara,2023,4,3683.66
jowar,Maharashtra,Sholapur,2023,4,3840.33
jowar,Maharashtra,Thane,2023,4,3325.0
jowar,Maharashtra,Vashim,2023,4,2450.5
jowar,Maharashtra,Yavatmal,2023,4,2558.28
jowar,Maharashtra,Ahmednagar,2023,7,4093.75
jowar,Maharashtra,Akola,2023,7,2727.09
jowar,Maharashtra,Amarawati,2023,7,2345.04
jowar,Maharashtra,Beed,2023,7,3714.64
jowar,Maharashtra,Buldhana,2023,7,2772.57
jowar,Maharashtra,Chattrapati Sambhajinagar,2023,7,3621.5
jowar,Maharashtra,Dharashiv(Usmanabad),2023,7,4534.65
jowar,Maharashtra,Dhule,2023,7,2977.15
jowar,Maharashtra,Hingoli,2023,7,2332.1
jowar,Maharashtra,Jalana,2023,7,3579.67
jowar,Maharashtra,Jalgaon,2023,7,3039.49
jowar,Maharashtra,Latur,2023,7,4403.35
jowar,Maharashtra,Mumbai,2023,7,4800.0
jowar,Maharashtra,Nanded,2023,7,2437.32
jowar,Maharashtra,Nandurbar,2023,7,2978.33
jowar,Maharashtra,Nashik,2023,7,3573.93
jowar,Maharashtra,Parbhani,2023,7,3292.1
jowar,Maharashtra,Pune,2023,7,5112.61
jowar,Maharashtra,Raigad,2023,7,3644.94
jowar,Maharashtra,Sangli,2023,7,4754.4
jowar,Maharashtra,Satara,2023,7,4086.11
jowar,Maharashtra,Sholapur,2023,7,4498.86
jowar,Maharashtra,Thane,2023,7,4004.43
jowar,Maharashtra,Vashim,2023,7,2757.91
jowar,Maharashtra,Yavatmal,2023,7,2561.03
jowar,Maharashtra,Ahmednagar,2023,10,4290.3
jowar,Maharashtra,Akola,2023,10,2858.01
jowar,Maharashtra,Amarawati,2023,10,2491.68
jowar,Maharashtra,Beed,2023,10,3848.62
jowar,Maharashtra,Buldhana,2023,10,2807.18
jowar,Maharashtra,Chattrapati Sambhajinagar,2023,10,3765.05
jowar,Maharashtra,Dharashiv(Usmanabad),2023,10,4582.17
jowar,Maharashtra,Dhule,2023,10,3163.79
jowar,Maharashtra,Hingoli,2023,10,2843.17
jowar,Maharashtra,Jalana,2023,10,3799.51
jowar,Maharashtra,Jalgaon,2023,10,3240.02
jowar,Maharashtra,Latur,2023,10,4024.46
jowar,Maharashtra,Mumbai,2023,10,5000.0
jowar,Maharashtra,Nanded,2023,10,2499.93
jowar,Maharashtra,Nandurbar,2023,10,2825.67
jowar,Maharashtra,Nashik,2023,10,3088.86
jowar,Maharashtra,Parbhani,2023,10,3645.71
jowar,Maharashtra,Pune,2023,10,5989.17
jowar,Maharashtra,Raigad,2023,10,4371.88
jowar,Maharashtra,Sangli,2023,10,3465.0
jowar,Maharashtra,Satara,2023,10,5375.0
jowar,Maharashtra,Sholapur,2023,10,4795.43
jowar,Maharashtra,Thane,2023,10,4250.0
jowar,Maharashtra,Vashim,2023,10,2671.33
jowar,Maharashtra,Yavatmal,2023,10,2642.97
jowar,Karnataka,Bangalore,2023,1,3447.92
jowar,Karnataka,Belgaum,2023,1,2439.75
jowar,Karnataka,Bellary,2023,1,2543.6
jowar,Karnataka,Bidar,2023,1,3717.62
jowar,Karnataka,Bijapur,2023,1,3738.57
jowar,Karnataka,Dharwad,2023,1,3629.94
jowar,Karnataka,Gadag,2023,1,3336.19
jowar,Karnataka,Haveri,2023,1,3033.33
jowar,Karnataka,Kalburgi,2023,1,3902.31
jowar,Karnataka,Mysore,2023,1,3645.21
jowar,Karnataka,Raichur,2023,1,2698.14
jowar,Karnataka,Shimoga,2023,1,3514.71
jowar,Karnataka,Bangalore,2023,4,3243.78
jowar,Karnataka,Belgaum,2023,4,3835.09
jowar,Karnataka,Bellary,2023,4,2470.11
jowar,Karnataka,Bidar,2023,4,4012.71
jowar,Karnataka,Bijapur,2023,4,3725.0
jowar,Karnataka,Chikmagalur,2023,4,2500.0
jowar,Karnataka,Davangere,2023,4,2438.45
jowar,Karnataka,Dharwad,2023,4,2964.37
jowar,Karnataka,Gadag,2023,4,3284.62
jowar,Karnataka,Haveri,2023,4,2424.99
jowar,Karnataka,Kalburgi,2023,4,4114.56
jowar,Karnataka,Koppal,2023,4,2900.0
jowar,Karnataka,Mysore,2023,4,4052.42
jowar,Karnataka,Raichur,2023,4,2828.31
jowar,Karnataka,Shimoga,2023,4,3796.88
jowar,Karnataka,Bangalore,2023,10,3500.0
jowar,Karnataka,Belgaum,2023,10,4351.58
jowar,Karnataka,Bellary,2023,10,2776.64
jowar,Karnataka,Bidar,2023,10,4488.4
jowar,Karnataka,Bijapur,2023,10,5054.35
jowar,Karnataka,Chikmagalur,2023,10,3133.5
jowar,Karnataka,Davangere,2023,10,2730.71
jowar,Karnataka,Dharwad,2023,10,3987.35
jowar,Karnataka,Gadag,2023,10,4411.0
jowar,Karnataka,Haveri,2023,10,3514.29
jowar,Karnataka,Kalburgi,2023,10,4922.07
jowar,Karnataka,Koppal,2023,10,2141.0
jowar,Karnataka,Mysore,2023,10,3225.0
jowar,Karnataka,Raichur,2023,10,1900.0
jowar,Karnataka,Shimoga,2023,10,4640.0
jowar,Karnataka,Bagalkot,2023,7,4000.0
jowar,Karnataka,Bangalore,2023,7,4000.0
jowar,Karnataka,Belgaum,2023,7,4476.56
jowar,Karnataka,Bellary,2023,7,3089.2
jowar,Karnataka,Bidar,2023,7,3928.25
jowar,Karnataka,Bijapur,2023,7,2645.24
jowar,Karnataka,Chamrajnagar,2023,7,3400.0
jowar,Karnataka,Chikmagalur,2023,7,2813.0
jowar,Karnataka,Dharwad,2023,7,4888.27
jowar,Karnataka,Gadag,2023,7,4146.32
jowar,Karnataka,Haveri,2023,7,3479.07
jowar,Karnataka,Kalburgi,2023,7,4712.4
jowar,Karnataka,Koppal,2023,7,2912.9
jowar,Karnataka,Mysore,2023,7,3800.0
jowar,Karnataka,Raichur,2023,7,2700.0
jowar,Karnataka,Shimoga,2023,7,3700.0
jowar,Maharashtra,Ahmednagar,2024,1,4000.31
jowar,Maharashtra,Akola,2024,1,2556.14
jowar,Maharashtra,Amarawati,2024,1,2475.0
jowar,Maharashtra,Beed,2024,1,2960.09
jowar,Maharashtra,Buldhana,2024,1,2672.06
jowar,Maharashtra,Chattrapati Sambhajinagar,2024,1,2667.05
jowar,Maharashtra,Dharashiv(Usmanabad),2024,1,3799.92
jowar,Maharashtra,Dhule,2024,1,2586.11
jowar,Maharashtra,Hingoli,2024,1,2718.42
jowar,Maharashtra,Jalana,2024,1,2941.1
jowar,Maharashtra,Jalgaon,2024,1,2868.87
jowar,Maharashtra,Latur,2024,1,3550.17
jowar,Maharashtra,Mumbai,2024,1,5229.54
jowar,Maharashtra,Nanded,2024,1,2450.5
jowar,Maharashtra,Nandurbar,2024,1,2843.33
jowar,Maharashtra,Nashik,2024,1,3000.52
jowar,Maharashtra,Parbhani,2024,1,3162.25
jowar,Maharashtra,Pune,2024,1,6238.51
jowar,Maharashtra,Raigad,2024,1,3084.85
jowar,Maharashtra,Sangli,2024,1,3794.5
jowar,Maharashtra,Satara,2024,1,4227.78
jowar,Maharashtra,Sholapur,2024,1,4424.92
jowar,Maharashtra,Thane,2024,1,4580.51
jowar,Maharashtra,Vashim,2024,1,2725.0
jowar,Maharashtra,Ahmednagar,2024,4,3524.42
jowar,Maharashtra,Akola,2024,4,2210.33
jowar,Maharashtra,Amarawati,2024,4,2491.85
jowar,Maharashtra,Beed,2024,4,2712.61
jowar,Maharashtra,Buldhana,2024,4,2070.71
jowar,Maharashtra,Chattrapati Sambhajinagar,2024,4,2626.79
jowar,Maharashtra,Dharashiv(Usmanabad),2024,4,3366.09
jowar,Maharashtra,Dhule,2024,4,2776.69
jowar,Maharashtra,Gadchiroli,2024,4,2500.0
jowar,Maharashtra,Hingoli,2024,4,1902.37
jowar,Maharashtra,Jalana,2024,4,2798.48
jowar,Maharashtra,Jalgaon,2024,4,2361.9
jowar,Maharashtra,Latur,2024,4,3237.78
jowar,Maharashtra,Mumbai,2024,4,4200.0
jowar,Maharashtra,Nagpur,2024,4,3419.35
jowar,Maharashtra,Nanded,2024,4,2264.94
jowar,Maharashtra,Nandurbar,2024,4,2222.73
jowar,Maharashtra,Parbhani,2024,4,2529.45
jowar,Maharashtra,Pune,2024,4,4314.39
jowar,Maharashtra,Sangli,2024,4,3397.72
jowar,Maharashtra,Satara,2024,4,3515.71
jowar,Maharashtra,Sholapur,2024,4,3680.36
jowar,Maharashtra,Thane,2024,4,4182.8
jowar,Maharashtra,Vashim,2024,4,2150.09
jowar,Maharashtra,Wardha,2024,4,2460.0
jowar,Maharashtra,Yavatmal,2024,4,2226.1
jowar,Maharashtra,Ahmednagar,2024,7,3158.3
jowar,Maharashtra,Akola,2024,7,2298.09
jowar,Maharashtra,Amarawati,2024,7,2241.52
jowar,Maharashtra,Beed,2024,7,2369.03
jowar,Maharashtra,Buldhana,2024,7,2264.03
jowar,Maharashtra,Chattrapati Sambhajinagar,2024,7,2362.17
jowar,Maharashtra,Dharashiv(Usmanabad),2024,7,2818.13
jowar,Maharashtra,Dhule,2024,7,2331.61
jowar,Maharashtra,Hingoli,2024,7,2024.83
jowar,Maharashtra,Jalana,2024,7,2566.07
jowar,Maharashtra,Jalgaon,2024,7,2559.45
jowar,Maharashtra,Latur,2024,7,2328.59
jowar,Maharashtra,Mumbai,2024,7,4100.0
jowar,Maharashtra,Nagpur,2024,7,3364.67
jowar,Maharashtra,Nanded,2024,7,2179.02
jowar,Maharashtra,Nandurbar,2024,7,2407.35
jowar,Maharashtra,Nashik,2024,7,2313.57
jowar,Maharashtra,Parbhani,2024,7,2365.67
jowar,Maharashtra,Pune,2024,7,5262.1
jowar,Maharashtra,Sangli,2024,7,3440.46
jowar,Maharashtra,Satara,2024,7,3383.33
jowar,Maharashtra,Sholapur,2024,7,3355.89
jowar,Maharashtra,Thane,2024,7,4241.48
jowar,Maharashtra,Vashim,2024,7,2317.13
jowar,Maharashtra,Wardha,2024,7,1894.57
jowar,Maharashtra,Yavatmal,2024,7,2350.56
jowar,Maharashtra,Ahmednagar,2024,10,3115.78
jowar,Maharashtra,Akola,2024,10,2182.67
jowar,Maharashtra,Amarawati,2024,10,2124.66
jowar,Maharashtra,Beed,2024,10,2252.06
jowar,Maharashtra,Buldhana,2024,10,2126.47
jowar,Maharashtra,Chattrapati Sambhajinagar,2024,10,2321.3
jowar,Maharashtra,Dharashiv(Usmanabad),2024,10,2396.42
jowar,Maharashtra,Dhule,2024,10,2215.86
jowar,Maharashtra,Hingoli,2024,10,1813.42
jowar,Maharashtra,Jalana,2024,10,2376.38
jowar,Maharashtra,Jalgaon,2024,10,2240.01
jowar,Maharashtra,Latur,2024,10,2074.15
jowar,Maharashtra,Mumbai,2024,10,4700.0
jowar,Maharashtra,Nagpur,2024,10,2578.57
jowar,Maharashtra,Nanded,2024,10,2135.06
jowar,Maharashtra,Nandurbar,2024,10,2031.1
jowar,Maharashtra,Nashik,2024,10,2262.58
jowar,Maharashtra,Parbhani,2024,10,2213.15
jowar,Maharashtra,Pune,2024,10,4817.25
jowar,Maharashtra,Sangli,2024,10,3234.75
jowar,Maharashtra,Satara,2024,10,2712.9
jowar,Maharashtra,Sholapur,2024,10,3364.73
jowar,Maharashtra,Thane,2024,10,3754.88
jowar,Maharashtra,Vashim,2024,10,2099.97
jowar,Maharashtra,Wardha,2024,10,1988.63
jowar,Maharashtra,Yavatmal,2024,10,2147.41
jowar,Karnataka,Bangalore,2024,1,3964.52
jowar,Karnataka,Bellary,2024,1,2555.43
jowar,Karnataka,Bidar,2024,1,4775.01
jowar,Karnataka,Bijapur,2024,1,5075.0
jowar,Karnataka,Dharwad,2024,1,3280.04
jowar,Karnataka,Gadag,2024,1,3184.64
jowar,Karnataka,Haveri,2024,1,2282.5
jowar,Karnataka,Kalburgi,2024,1,5001.88
jowar,Karnataka,Koppal,2024,1,2115.0
jowar,Karnataka,Mysore,2024,1,4737.5
jowar,Karnataka,Raichur,2024,1,3000.0
jowar,Karnataka,Shimoga,2024,1,4852.78
jowar,Karnataka,Bangalore,2024,4,3300.0
jowar,Karnataka,Belgaum,2024,4,4890.91
jowar,Karnataka,Bellary,2024,4,2486.53
jowar,Karnataka,Bidar,2024,4,4076.92
jowar,Karnataka,Chamrajnagar,2024,4,1600.0
jowar,Karnataka,Dharwad,2024,4,2765.93
jowar,Karnataka,Gadag,2024,4,2920.89
jowar,Karnataka,Haveri,2024,4,2318.06
jowar,Karnataka,Kalburgi,2024,4,4048.11
jowar,Karnataka,Mysore,2024,4,4150.0
jowar,Karnataka,Raichur,2024,4,2511.12
jowar,Karnataka,Shimoga,2024,4,4371.43
jowar,Karnataka,Bangalore,2024,7,3500.0
jowar,Karnataka,Belgaum,2024,7,3500.0
jowar,Karnataka,Bellary,2024,7,2620.7
jowar,Karnataka,Bidar,2024,7,3252.78
jowar,Karnataka,Bijapur,2024,7,3250.0
jowar,Karnataka,Davangere,2024,7,2668.6
jowar,Karnataka,Dharwad,2024,7,2637.74
jowar,Karnataka,Gadag,2024,7,2761.5
jowar,Karnataka,Haveri,2024,7,2350.0
jowar,Karnataka,Kalburgi,2024,7,3251.2
jowar,Karnataka,Koppal,2024,7,2300.0
jowar,Karnataka,Mysore,2024,7,4340.0
jowar,Karnataka,Raichur,2024,7,2698.71
jowar,Karnataka,Shimoga,2024,7,4155.56
jowar,Karnataka,Bagalkot,2024,10,2003.5
jowar,Karnataka,Bangalore,2024,10,3058.11
jowar,Karnataka,Belgaum,2024,10,3702.45
jowar,Karnataka,Bellary,2024,10,2179.49
jowar,Karnataka,Bidar,2024,10,3061.66
jowar,Karnataka,Chamrajnagar,2024,10,1976.4
jowar,Karnataka,Davangere,2024,10,2191.46
jowar,Karnataka,Dharwad,2024,10,2007.67
jowar,Karnataka,Gadag,2024,10,2046.98
jowar,Karnataka,Haveri,2024,10,2372.73
jowar,Karnataka,Kalburgi,2024,10,2843.17
jowar,Karnataka,Koppal,2024,10,1806.0
jowar,Karnataka,Mysore,2024,10,3928.89
jowar,Karnataka,Raichur,2024,10,2302.02
jowar,Karnataka,Shimoga,2024,10,3662.5
jowar,Maharashtra,Ahmednagar,2025,1,3079.02
jowar,Maharashtra,Akola,2025,1,2060.72
jowar,Maharashtra,Amarawati,2025,1,2041.33
jowar,Maharashtra,Beed,2025,1,2285.53
jowar,Maharashtra,Buldhana,2025,1,1954.15
jowar,Maharashtra,Chattrapati Sambhajinagar,2025,1,2146.38
jowar,Maharashtra,Dharashiv(Usmanabad),2025,1,2507.35
jowar,Maharashtra,Dhule,2025,1,2215.34
jowar,Maharashtra,Hingoli,2025,1,1839.63
jowar,Maharashtra,Jalana,2025,1,2372.69
jowar,Maharashtra,Jalgaon,2025,1,2075.7
jowar,Maharashtra,Latur,2025,1,2149.26
jowar,Maharashtra,Mumbai,2025,1,4677.31
jowar,Maharashtra,Nagpur,2025,1,3542.13
jowar,Maharashtra,Nanded,2025,1,2160.76
jowar,Maharashtra,Nandurbar,2025,1,2377.52
jowar,Maharashtra,Nashik,2025,1,2428.86
jowar,Maharashtra,Parbhani,2025,1,2171.84
jowar,Maharashtra,Pune,2025,1,4876.05
jowar,Maharashtra,Sangli,2025,1,3576.98
jowar,Maharashtra,Satara,2025,1,2453.12
jowar,Maharashtra,Sholapur,2025,1,2889.25
jowar,Maharashtra,Thane,2025,1,3681.13
jowar,Maharashtra,Vashim,2025,1,1976.37
jowar,Maharashtra,Wardha,2025,1,1758.18
jowar,Maharashtra,Yavatmal,2025,1,2138.52
jowar,Maharashtra,Ahmednagar,2025,4,3230.25
jowar,Maharashtra,Akola,2025,4,2315.46
jowar,Maharashtra,Amarawati,2025,4,2074.59
jowar,Maharashtra,Beed,2025,4,2523.39
jowar,Maharashtra,Buldhana,2025,4,2169.0
jowar,Maharashtra,Chattrapati Sambhajinagar,2025,4,2623.37
jowar,Maharashtra,Dharashiv(Usmanabad),2025,4,2922.59
jowar,Maharashtra,Dhule,2025,4,2411.77
jowar,Maharashtra,Hingoli,2025,4,2075.03
jowar,Maharashtra,Jalana,2025,4,2527.42
jowar,Maharashtra,Jalgaon,2025,4,2336.28
jowar,Maharashtra,Latur,2025,4,2353.25
jowar,Maharashtra,Mumbai,2025,4,4992.83
jowar,Maharashtra,Nagpur,2025,4,3250.91
jowar,Maharashtra,Nanded,2025,4,2320.04
jowar,Maharashtra,Nandurbar,2025,4,4558.65
jowar,Maharashtra,Nashik,2025,4,2126.84
jowar,Maharashtra,Parbhani,2025,4,2574.18
jowar,Maharashtra,Pune,2025,4,4544.78
jowar,Maharashtra,Sangli,2025,4,3564.65
jowar,Maharashtra,Satara,2025,4,3575.0
jowar,Maharashtra,Sholapur,2025,4,3366.9
jowar,Maharashtra,Thane,2025,4,3660.65
jowar,Maharashtra,Vashim,2025,4,2247.52
jowar,Maharashtra,Wardha,2025,4,2355.0
jowar,Maharashtra,Yavatmal,2025,4,2178.93
jowar,Maharashtra,Ahmednagar,2025,7,3330.88
jowar,Maharashtra,Akola,2025,7,2354.23
jowar,Maharashtra,Amarawati,2025,7,2015.44
jowar,Maharashtra,Beed,2025,7,2444.19
jowar,Maharashtra,Buldhana,2025,7,2209.13
jowar,Maharashtra,Chattrapati Sambhajinagar,2025,7,2603.29
jowar,Maharashtra,Dharashiv(Usmanabad),2025,7,3006.09
jowar,Maharashtra,Dhule,2025,7,2296.31
jowar,Maharashtra,Hingoli,2025,7,1993.72
jowar,Maharashtra,Jalana,2025,7,2598.39
jowar,Maharashtra,Jalgaon,2025,7,2732.7
jowar,Maharashtra,Latur,2025,7,2289.33
jowar,Maharashtra,Mumbai,2025,7,4700.0
jowar,Maharashtra,Nagpur,2025,7,2084.3
jowar,Maharashtra,Nanded,2025,7,2209.22
jowar,Maharashtra,Nandurbar,2025,7,2251.81
jowar,Maharashtra,Nashik,2025,7,2217.22
jowar,Maharashtra,Parbhani,2025,7,2483.56
jowar,Maharashtra,Pune,2025,7,5604.9
jowar,Maharashtra,Sangli,2025,7,3904.42
jowar,Maharashtra,Sholapur,2025,7,3197.74
jowar,Maharashtra,Thane,2025,7,3897.97
jowar,Maharashtra,Vashim,2025,7,2414.73
jowar,Maharashtra,Wardha,2025,7,1794.09
jowar,Maharashtra,Yavatmal,2025,7,1980.09
jowar,Maharashtra,Ahmednagar,2025,10,3599.67
jowar,Maharashtra,Akola,2025,10,1907.77
jowar,Maharashtra,Amarawati,2025,10,1777.33
jowar,Maharashtra,Beed,2025,10,2488.03
jowar,Maharashtra,Buldhana,2025,10,1972.72
jowar,Maharashtra,Chattrapati Sambhajinagar,2025,10,2530.83
jowar,Maharashtra,Dharashiv(Usmanabad),2025,10,3631.29
jowar,Maharashtra,Dhule,2025,10,2337.99
jowar,Maharashtra,Hingoli,2025,10,2308.33
jowar,Maharashtra,Jalana,2025,10,2579.82
jowar,Maharashtra,Jalgaon,2025,10,2271.68
jowar,Maharashtra,Latur,2025,10,2116.06
jowar,Maharashtra,Mumbai,2025,10,4700.0
jowar,Maharashtra,Nagpur,2025,10,2135.0
jowar,Maharashtra,Nanded,2025,10,2443.05
jowar,Maharashtra,Nandurbar,2025,10,2238.31
jowar,Maharashtra,Nashik,2025,10,1984.78
jowar,Maharashtra,Parbhani,2025,10,2437.51
jowar,Maharashtra,Pune,2025,10,4909.18
jowar,Maharashtra,Sangli,2025,10,4250.62
jowar,Maharashtra,Satara,2025,10,3250.0
jowar,Maharashtra,Sholapur,2025,10,3470.57
jowar,Maharashtra,Thane,2025,10,3960.81
jowar,Maharashtra,Vashim,2025,10,1775.8
jowar,Maharashtra,Yavatmal,2025,10,2175.66
jowar,Karnataka,Bangalore,2025,1,3056.41
jowar,Karnataka,Belgaum,2025,1,4273.33
jowar,Karnataka,Bellary,2025,1,2307.16
jowar,Karnataka,Bidar,2025,1,3094.06
jowar,Karnataka,Bijapur,2025,1,2333.33
jowar,Karnataka,Chamrajnagar,2025,1,2035.29
jowar,Karnataka,Davangere,2025,1,2178.92
jowar,Karnataka,Dharwad,2025,1,2043.21
jowar,Karnataka,Gadag,2025,1,2207.17
jowar,Karnataka,Kalburgi,2025,1,2789.18
jowar,Karnataka,Koppal,2025,1,2042.78
jowar,Karnataka,Mysore,2025,1,3050.0
jowar,Karnataka,Raichur,2025,1,2400.08
jowar,Karnataka,Shimoga,2025,1,3375.0
jowar,Karnataka,Belgaum,2025,4,2398.0
jowar,Karnataka,Bellary,2025,4,2115.83
jowar,Karnataka,Davangere,2025,4,2378.24
jowar,Karnataka,Dharwad,2025,4,2027.37
jowar,Karnataka,Kalburgi,2025,4,3850.0
jowar,Karnataka,Raichur,2025,4,2547.6
jowar,Karnataka,Shimoga,2025,4,3400.0
jowar,Karnataka,Belgaum,2025,7,2833.33
jowar,Karnataka,Chitradurga,2025,7,2550.0
jowar,Karnataka,Davangere,2025,7,2506.25
jowar,Karnataka,Dharwad,2025,7,2454.37
jowar,Karnataka,Karwar(Uttar Kannad),2025,7,2200.0
jowar,Karnataka,Dharwad,2025,10,2279.21
jowar,Karnataka,Shimoga,2025,10,4032.35
jowar,Maharashtra,Ahmednagar,2026,1,3027.12
jowar,Maharashtra,Akola,2026,1,1928.49
jowar,Maharashtra,Beed,2026,1,3107.42
jowar,Maharashtra,Buldhana,2026,1,2098.59
jowar,Maharashtra,Chattrapati Sambhajinagar,2026,1,2635.3
jowar,Maharashtra,Dharashiv(Usmanabad),2026,1,4078.06
jowar,Maharashtra,Dhule,2026,1,2269.27
jowar,Maharashtra,Hingoli,2026,1,2465.69
jowar,Maharashtra,Jalana,2026,1,3324.46
jowar,Maharashtra,Jalgaon,2026,1,2341.69
jowar,Maharashtra,Kolhapur,2026,1,4409.39
jowar,Maharashtra,Latur,2026,1,2812.74
jowar,Maharashtra,Mumbai,2026,1,5140.29
jowar,Maharashtra,Nagpur,2026,1,1998.18
jowar,Maharashtra,Nanded,2026,1,2452.82
jowar,Maharashtra,Nandurbar,2026,1,1972.36
jowar,Maharashtra,Nashik,2026,1,2564.09
jowar,Maharashtra,Parbhani,2026,1,2934.24
jowar,Maharashtra,Pune,2026,1,5564.35
jowar,Maharashtra,Sangli,2026,1,5079.24
jowar,Maharashtra,Satara,2026,1,3837.65
jowar,Maharashtra,Sholapur,2026,1,3622.95
jowar,Maharashtra,Thane,2026,1,3950.7
jowar,Maharashtra,Vashim,2026,1,1900.3
jowar,Maharashtra,Wardha,2026,1,2230.0
jowar,Maharashtra,Yavatmal,2026,1,2100.97
jowar,Maharashtra,Ahmednagar,2026,4,2868.21
jowar,Maharashtra,Akola,2026,4,2632.26
jowar,Maharashtra,Amarawati,2026,4,1480.0
jowar,Maharashtra,Beed,2026,4,2999.09
jowar,Maharashtra,Buldhana,2026,4,2180.95
jowar,Maharashtra,Chattrapati Sambhajinagar,2026,4,2980.11
jowar,Maharashtra,Dharashiv(Usmanabad),2026,4,3984.66
jowar,Maharashtra,Dhule,2026,4,3661.26
jowar,Maharashtra,Jalana,2026,4,3621.69
jowar,Maharashtra,Jalgaon,2026,4,2585.82
jowar,Maharashtra,Kolhapur,2026,4,4606.88
jowar,Maharashtra,Latur,2026,4,3563.75
jowar,Maharashtra,Mumbai,2026,4,5150.0
jowar,Maharashtra,Nagpur,2026,4,2968.18
jowar,Maharashtra,Nanded,2026,4,2738.55
jowar,Maharashtra,Nandurbar,2026,4,2741.94
jowar,Maharashtra,Nashik,2026,4,2286.44
jowar,Maharashtra,Parbhani,2026,4,3352.3
jowar,Maharashtra,Pune,2026,4,5163.83
jowar,Maharashtra,Satara,2026,4,4250.0
jowar,Maharashtra,Sholapur,2026,4,3928.84
jowar,Maharashtra,Thane,2026,4,3900.0
jowar,Maharashtra,Vashim,2026,4,2351.0
jowar,Maharashtra,Ahmednagar,2026,2,3894.89
jowar,Maharashtra,Akola,2026,2,1952.63
jowar,Maharashtra,Amarawati,2026,2,2000.0
jowar,Maharashtra,Beed,2026,2,3219.94
jowar,Maharashtra,Buldhana,2026,2,2026.82
jowar,Maharashtra,Chattrapati Sambhajinagar,2026,2,3527.03
jowar,Maharashtra,Dharashiv(Usmanabad),2026,2,4397.6
jowar,Maharashtra,Dhule,2026,2,3190.46
jowar,Maharashtra,Hingoli,2026,2,2616.07
jowar,Maharashtra,Jalana,2026,2,3585.44
jowar,Maharashtra,Jalgaon,2026,2,2827.73
jowar,Maharashtra,Kolhapur,2026,2,4450.47
jowar,Maharashtra,Latur,2026,2,2916.65
jowar,Maharashtra,Mumbai,2026,2,5150.0
jowar,Maharashtra,Nagpur,2026,2,2404.35
jowar,Maharashtra,Nanded,2026,2,2629.17
jowar,Maharashtra,Nandurbar,2026,2,1892.84
jowar,Maharashtra,Nashik,2026,2,2571.49
jowar,Maharashtra,Parbhani,2026,2,2892.17
jowar,Maharashtra,Pune,2026,2,5710.41
jowar,Maharashtra,Sangli,2026,2,5152.64
jowar,Maharashtra,Satara,2026,2,3948.54
jowar,Maharashtra,Sholapur,2026,2,3823.24
jowar,Maharashtra,Thane,2026,2,3971.79
jowar,Maharashtra,Vashim,2026,2,1954.6
jowar,Maharashtra,Ahmednagar,2026,3,4171.13
jowar,Maharashtra,Akola,2026,3,2324.63
jowar,Maharashtra,Beed,2026,3,3139.43
jowar,Maharashtra,Buldhana,2026,3,2259.49
jowar,Maharashtra,Chattrapati Sambhajinagar,2026,3,3701.65
jowar,Maharashtra,Dharashiv(Usmanabad),2026,3,4248.19
jowar,Maharashtra,Dhule,2026,3,4139.95
jowar,Maharashtra,Hingoli,2026,3,3333.61
jowar,Maharashtra,Jalana,2026,3,3867.55
jowar,Maharashtra,Jalgaon,2026,3,2961.38
jowar,Maharashtra,Kolhapur,2026,3,4466.45
jowar,Maharashtra,Latur,2026,3,3107.32
jowar,Maharashtra,Mumbai,2026,3,5135.62
jowar,Maharashtra,Nagpur,2026,3,3364.12
jowar,Maharashtra,Nanded,2026,3,2552.87
jowar,Maharashtra,Nandurbar,2026,3,3214.01
jowar,Maharashtra,Nashik,2026,3,2607.28
jowar,Maharashtra,Parbhani,2026,3,2575.74
jowar,Maharashtra,Pune,2026,3,5583.39
jowar,Maharashtra,Sangli,2026,3,5377.82
jowar,Maharashtra,Satara,2026,3,4196.81
jowar,Maharashtra,Sholapur,2026,3,4141.93
jowar,Maharashtra,Vashim,2026,3,2056.21
jowar,Maharashtra,Wardha,2026,3,2100.0
jowar,Maharashtra,Yavatmal,2026,3,2290.0
jowar,Karnataka,Bellary,2026,1,2218.19
jowar,Karnataka,Bijapur,2026,1,2847.7
jowar,Karnataka,Davangere,2026,1,2139.94
jowar,Karnataka,Dharwad,2026,1,3560.7
jowar,Karnataka,Kalburgi,2026,1,4278.12
jowar,Karnataka,Raichur,2026,1,2613.08
jowar,Karnataka,Shimoga,2026,1,4546.79
jowar,Karnataka,Belgaum,2026,2,4231.0
jowar,Karnataka,Bellary,2026,2,2564.59
jowar,Karnataka,Bijapur,2026,2,3590.68
jowar,Karnataka,Chamrajnagar,2026,2,2000.0
jowar,Karnataka,Davangere,2026,2,2422.65
jowar,Karnataka,Dharwad,2026,2,3290.79
jowar,Karnataka,Haveri,2026,2,3530.0
jowar,Karnataka,Kalburgi,2026,2,3852.0
jowar,Karnataka,Mysore,2026,2,3874.17
jowar,Karnataka,Raichur,2026,2,2885.65
jowar,Karnataka,Shimoga,2026,2,4192.62
jowar,Karnataka,Bagalkot,2026,3,3048.79
jowar,Karnataka,Bangalore,2026,3,3500.0
jowar,Karnataka,Belgaum,2026,3,2430.66
jowar,Karnataka,Bellary,2026,3,2727.69
jowar,Karnataka,Bidar,2026,3,4007.59
jowar,Karnataka,Bijapur,2026,3,3300.53
jowar,Karnataka,Davangere,2026,3,2666.1
jowar,Karnataka,Dharwad,2026,3,3335.9
jowar,Karnataka,Gadag,2026,3,3423.26
jowar,Karnataka,Hassan,2026,3,3700.0
jowar,Karnataka,Haveri,2026,3,2857.7
jowar,Karnataka,Kalburgi,2026,3,3431.51
jowar,Karnataka,Karwar(Uttar Kannad),2026,3,4650.0
jowar,Karnataka,Koppal,2026,3,1922.2
jowar,Karnataka,Mysore,2026,3,3891.82
jowar,Karnataka,Raichur,2026,3,2917.82
jowar,Karnataka,Shimoga,2026,3,4182.86
jowar,Maharashtra,Ahmednagar,2026,4,2868.21
jowar,Maharashtra,Akola,2026,4,2632.26
jowar,Maharashtra,Amarawati,2026,4,1480.0
jowar,Maharashtra,Beed,2026,4,2999.09
jowar,Maharashtra,Buldhana,2026,4,2180.95
jowar,Maharashtra,Chattrapati Sambhajinagar,2026,4,2980.11
jowar,Maharashtra,Dharashiv(Usmanabad),2026,4,3984.66
jowar,Maharashtra,Dhule,2026,4,3661.26
jowar,Maharashtra,Jalana,2026,4,3621.69
jowar,Maharashtra,Jalgaon,2026,4,2585.82
jowar,Maharashtra,Kolhapur,2026,4,4606.88
jowar,Maharashtra,Latur,2026,4,3563.75
jowar,Maharashtra,Mumbai,2026,4,5150.0
jowar,Maharashtra,Nagpur,2026,4,2968.18
jowar,Maharashtra,Nanded,2026,4,2738.55
jowar,Maharashtra,Nandurbar,2026,4,2741.94
jowar,Maharashtra,Nashik,2026,4,2286.44
jowar,Maharashtra,Parbhani,2026,4,3352.3
jowar,Maharashtra,Pune,2026,4,5163.83
jowar,Maharashtra,Satara,2026,4,4250.0
jowar,Maharashtra,Sholapur,2026,4,3928.84
jowar,Maharashtra,Thane,2026,4,3900.0
jowar,Maharashtra,Vashim,2026,4,2351.0
bajra,Maharashtra,Ahmednagar,2021,1,1355.27
bajra,Maharashtra,Akola,2021,1,1500.0
bajra,Maharashtra,Amarawati,2021,1,1850.0
bajra,Maharashtra,Beed,2021,1,1295.53
bajra,Maharashtra,Buldhana,2021,1,1190.94
bajra,Maharashtra,Chattrapati Sambhajinagar,2021,1,1221.52
bajra,Maharashtra,Dharashiv(Usmanabad),2021,1,1040.33
bajra,Maharashtra,Dhule,2021,1,1286.92
bajra,Maharashtra,Jalana,2021,1,1293.34
bajra,Maharashtra,Jalgaon,2021,1,1318.54
bajra,Maharashtra,Mumbai,2021,1,2627.37
bajra,Maharashtra,Nandurbar,2021,1,1288.56
bajra,Maharashtra,Nashik,2021,1,1279.03
bajra,Maharashtra,Parbhani,2021,1,1459.0
bajra,Maharashtra,Pune,2021,1,1824.1
bajra,Maharashtra,Raigad,2021,1,1571.79
bajra,Maharashtra,Sangli,2021,1,2226.43
bajra,Maharashtra,Satara,2021,1,1500.0
bajra,Maharashtra,Sholapur,2021,1,1200.47
bajra,Maharashtra,Ahmednagar,2021,4,1383.33
bajra,Maharashtra,Beed,2021,4,1387.98
bajra,Maharashtra,Buldhana,2021,4,1173.12
bajra,Maharashtra,Chattrapati Sambhajinagar,2021,4,1313.38
bajra,Maharashtra,Dharashiv(Usmanabad),2021,4,900.0
bajra,Maharashtra,Dhule,2021,4,1330.97
bajra,Maharashtra,Jalana,2021,4,1344.25
bajra,Maharashtra,Jalgaon,2021,4,1360.17
bajra,Maharashtra,Mumbai,2021,4,2221.74
bajra,Maharashtra,Nandurbar,2021,4,1372.04
bajra,Maharashtra,Nashik,2021,4,1317.0
bajra,Maharashtra,Parbhani,2021,4,1400.0
bajra,Maharashtra,Pune,2021,4,2473.55
bajra,Maharashtra,Raigad,2021,4,1576.19
bajra,Maharashtra,Sholapur,2021,4,1151.0
bajra,Maharashtra,Ahmednagar,2021,7,1661.01
bajra,Maharashtra,Amarawati,2021,7,1433.33
bajra,Maharashtra,Beed,2021,7,1504.41
bajra,Maharashtra,Buldhana,2021,7,1292.07
bajra,Maharashtra,Chattrapati Sambhajinagar,2021,7,1496.1
bajra,Maharashtra,Dhule,2021,7,1484.42
bajra,Maharashtra,Jalana,2021,7,1485.41
bajra,Maharashtra,Jalgaon,2021,7,1487.74
bajra,Maharashtra,Mumbai,2021,7,2220.31
bajra,Maharashtra,Nandurbar,2021,7,1422.73
bajra,Maharashtra,Nashik,2021,7,1521.8
bajra,Maharashtra,Parbhani,2021,7,1426.25
bajra,Maharashtra,Pune,2021,7,2417.58
bajra,Maharashtra,Raigad,2021,7,1513.1
bajra,Maharashtra,Sangli,2021,7,2175.0
bajra,Maharashtra,Sholapur,2021,7,1370.5
bajra,Maharashtra,Thane,2021,7,2575.0
bajra,Maharashtra,Ahmednagar,2021,10,1632.22
bajra,Maharashtra,Akola,2021,10,1550.0
bajra,Maharashtra,Beed,2021,10,1723.9
bajra,Maharashtra,Buldhana,2021,10,1550.64
bajra,Maharashtra,Chattrapati Sambhajinagar,2021,10,1674.0
bajra,Maharashtra,Dharashiv(Usmanabad),2021,10,1737.5
bajra,Maharashtra,Dhule,2021,10,1695.11
bajra,Maharashtra,Jalana,2021,10,1702.65
bajra,Maharashtra,Jalgaon,2021,10,1784.56
bajra,Maharashtra,Mumbai,2021,10,2219.97
bajra,Maharashtra,Nandurbar,2021,10,1543.68
bajra,Maharashtra,Nashik,2021,10,1602.93
bajra,Maharashtra,Parbhani,2021,10,1706.22
bajra,Maharashtra,Pune,2021,10,2390.61
bajra,Maharashtra,Raigad,2021,10,1639.22
bajra,Maharashtra,Sangli,2021,10,2175.0
bajra,Maharashtra,Satara,2021,10,1829.04
bajra,Maharashtra,Sholapur,2021,10,1622.73
bajra,Maharashtra,Thane,2021,10,2400.0
bajra,Maharashtra,Ahmednagar,2022,1,1909.02
bajra,Maharashtra,Beed,2022,1,2060.79
bajra,Maharashtra,Buldhana,2022,1,1950.0
bajra,Maharashtra,Chattrapati Sambhajinagar,2022,1,2015.06
bajra,Maharashtra,Dharashiv(Usmanabad),2022,1,1525.5
bajra,Maharashtra,Dhule,2022,1,1873.55
bajra,Maharashtra,Jalana,2022,1,2000.91
bajra,Maharashtra,Jalgaon,2022,1,1958.34
bajra,Maharashtra,Mumbai,2022,1,2400.0
bajra,Maharashtra,Nandurbar,2022,1,1962.35
bajra,Maharashtra,Nashik,2022,1,1932.13
bajra,Maharashtra,Parbhani,2022,1,2064.2
bajra,Maharashtra,Pune,2022,1,2885.59
bajra,Maharashtra,Raigad,2022,1,1700.0
bajra,Maharashtra,Sangli,2022,1,2355.88
bajra,Maharashtra,Satara,2022,1,2199.13
bajra,Maharashtra,Sholapur,2022,1,2050.0
bajra,Maharashtra,Thane,2022,1,2546.51
bajra,Maharashtra,Ahmednagar,2022,4,1968.51
bajra,Maharashtra,Beed,2022,4,2361.28
bajra,Maharashtra,Chattrapati Sambhajinagar,2022,4,2281.55
bajra,Maharashtra,Dhule,2022,4,2195.23
bajra,Maharashtra,Jalana,2022,4,2350.47
bajra,Maharashtra,Jalgaon,2022,4,2311.23
bajra,Maharashtra,Mumbai,2022,4,2696.38
bajra,Maharashtra,Nandurbar,2022,4,2152.95
bajra,Maharashtra,Nashik,2022,4,2257.46
bajra,Maharashtra,Parbhani,2022,4,2390.0
bajra,Maharashtra,Pune,2022,4,3067.47
bajra,Maharashtra,Raigad,2022,4,2166.67
bajra,Maharashtra,Sangli,2022,4,2492.44
bajra,Maharashtra,Satara,2022,4,2503.12
bajra,Maharashtra,Ahmednagar,2022,7,2100.69
bajra,Maharashtra,Beed,2022,7,2395.07
bajra,Maharashtra,Chattrapati Sambhajinagar,2022,7,2266.72
bajra,Maharashtra,Dhule,2022,7,2149.74
bajra,Maharashtra,Jalana,2022,7,2250.82
bajra,Maharashtra,Jalgaon,2022,7,2198.02
bajra,Maharashtra,Mumbai,2022,7,2684.43
bajra,Maharashtra,Nandurbar,2022,7,2169.94
bajra,Maharashtra,Nashik,2022,7,2330.16
bajra,Maharashtra,Parbhani,2022,7,2225.5
bajra,Maharashtra,Pune,2022,7,2996.77
bajra,Maharashtra,Sangli,2022,7,2528.06
bajra,Maharashtra,Satara,2022,7,2513.33
bajra,Maharashtra,Thane,2022,7,2513.64
bajra,Maharashtra,Yavatmal,2022,7,1850.0
bajra,Maharashtra,Ahmednagar,2022,10,2154.77
bajra,Maharashtra,Akola,2022,10,2250.0
bajra,Maharashtra,Beed,2022,10,2231.67
bajra,Maharashtra,Buldhana,2022,10,2475.0
bajra,Maharashtra,Chattrapati Sambhajinagar,2022,10,2278.85
bajra,Maharashtra,Dhule,2022,10,2050.23
bajra,Maharashtra,Jalana,2022,10,2277.13
bajra,Maharashtra,Jalgaon,2022,10,2187.36
bajra,Maharashtra,Mumbai,2022,10,3000.0
bajra,Maharashtra,Nandurbar,2022,10,2083.54
bajra,Maharashtra,Nashik,2022,10,2097.37
bajra,Maharashtra,Parbhani,2022,10,2250.0
bajra,Maharashtra,Pune,2022,10,2914.75
bajra,Maharashtra,Raigad,2022,10,2075.58
bajra,Maharashtra,Sangli,2022,10,2586.31
bajra,Maharashtra,Satara,2022,10,2450.0
bajra,Maharashtra,Sholapur,2022,10,2287.0
bajra,Maharashtra,Ahmednagar,2023,1,2328.46
bajra,Maharashtra,Beed,2023,1,2510.75
bajra,Maharashtra,Chattrapati Sambhajinagar,2023,1,2445.48
bajra,Maharashtra,Dhule,2023,1,2222.86
bajra,Maharashtra,Jalana,2023,1,2792.57
bajra,Maharashtra,Jalgaon,2023,1,2610.82
bajra,Maharashtra,Mumbai,2023,1,3300.54
bajra,Maharashtra,Nandurbar,2023,1,2591.08
bajra,Maharashtra,Nashik,2023,1,2464.91
bajra,Maharashtra,Parbhani,2023,1,2670.0
bajra,Maharashtra,Pune,2023,1,3229.01
bajra,Maharashtra,Raigad,2023,1,2406.25
bajra,Maharashtra,Sangli,2023,1,2813.12
bajra,Maharashtra,Satara,2023,1,2800.0
bajra,Maharashtra,Sholapur,2023,1,2100.0
bajra,Maharashtra,Thane,2023,1,2982.46
bajra,Maharashtra,Ahmednagar,2023,4,2309.08
bajra,Maharashtra,Beed,2023,4,2639.32
bajra,Maharashtra,Buldhana,2023,4,2590.0
bajra,Maharashtra,Chattrapati Sambhajinagar,2023,4,2577.8
bajra,Maharashtra,Dhule,2023,4,2473.58
bajra,Maharashtra,Jalana,2023,4,2674.1
bajra,Maharashtra,Jalgaon,2023,4,2566.72
bajra,Maharashtra,Mumbai,2023,4,3600.0
bajra,Maharashtra,Nandurbar,2023,4,2347.52
bajra,Maharashtra,Nashik,2023,4,2492.67
bajra,Maharashtra,Parbhani,2023,4,2759.62
bajra,Maharashtra,Pune,2023,4,3013.37
bajra,Maharashtra,Raigad,2023,4,2340.0
bajra,Maharashtra,Sangli,2023,4,2779.95
bajra,Maharashtra,Satara,2023,4,2500.0
bajra,Maharashtra,Sholapur,2023,4,3000.0
bajra,Maharashtra,Thane,2023,4,3500.0
bajra,Maharashtra,Ahmednagar,2023,7,2165.19
bajra,Maharashtra,Amarawati,2023,7,2160.39
bajra,Maharashtra,Beed,2023,7,2304.35
bajra,Maharashtra,Buldhana,2023,7,2242.65
bajra,Maharashtra,Chattrapati Sambhajinagar,2023,7,2305.62
bajra,Maharashtra,Dharashiv(Usmanabad),2023,7,2351.0
bajra,Maharashtra,Dhule,2023,7,2235.15
bajra,Maharashtra,Jalana,2023,7,2323.65
bajra,Maharashtra,Jalgaon,2023,7,2258.25
bajra,Maharashtra,Mumbai,2023,7,3600.0
bajra,Maharashtra,Nandurbar,2023,7,2188.94
bajra,Maharashtra,Nashik,2023,7,2436.09
bajra,Maharashtra,Parbhani,2023,7,2410.5
bajra,Maharashtra,Pune,2023,7,3176.76
bajra,Maharashtra,Raigad,2023,7,2250.0
bajra,Maharashtra,Sangli,2023,7,2824.26
bajra,Maharashtra,Satara,2023,7,2394.44
bajra,Maharashtra,Thane,2023,7,3390.62
bajra,Maharashtra,Vashim,2023,7,2287.08
bajra,Maharashtra,Yavatmal,2023,7,2212.19
bajra,Maharashtra,Ahmednagar,2023,10,2340.31
bajra,Maharashtra,Akola,2023,10,2355.5
bajra,Maharashtra,Amarawati,2023,10,2100.0
bajra,Maharashtra,Beed,2023,10,2369.66
bajra,Maharashtra,Buldhana,2023,10,2411.25
bajra,Maharashtra,Chattrapati Sambhajinagar,2023,10,2307.95
bajra,Maharashtra,Dharashiv(Usmanabad),2023,10,2875.0
bajra,Maharashtra,Dhule,2023,10,2163.75
bajra,Maharashtra,Jalana,2023,10,2328.71
bajra,Maharashtra,Jalgaon,2023,10,2271.54
bajra,Maharashtra,Mumbai,2023,10,3800.0
bajra,Maharashtra,Nandurbar,2023,10,2126.24
bajra,Maharashtra,Nashik,2023,10,2451.59
bajra,Maharashtra,Parbhani,2023,10,2324.07
bajra,Maharashtra,Pune,2023,10,3333.5
bajra,Maharashtra,Raigad,2023,10,2407.35
bajra,Maharashtra,Sangli,2023,10,2770.29
bajra,Maharashtra,Sholapur,2023,10,2565.55
bajra,Maharashtra,Vashim,2023,10,2211.67
bajra,Maharashtra,Yavatmal,2023,10,2298.86
bajra,Maharashtra,Ahmednagar,2024,1,2460.28
bajra,Maharashtra,Akola,2024,1,2750.0
bajra,Maharashtra,Beed,2024,1,2599.52
bajra,Maharashtra,Buldhana,2024,1,2369.4
bajra,Maharashtra,Chattrapati Sambhajinagar,2024,1,2452.19
bajra,Maharashtra,Dharashiv(Usmanabad),2024,1,2967.33
bajra,Maharashtra,Dhule,2024,1,2330.59
bajra,Maharashtra,Jalana,2024,1,2438.48
bajra,Maharashtra,Jalgaon,2024,1,2443.4
bajra,Maharashtra,Mumbai,2024,1,3300.0
bajra,Maharashtra,Nandurbar,2024,1,2456.27
bajra,Maharashtra,Nashik,2024,1,2589.84
bajra,Maharashtra,Parbhani,2024,1,2574.5
bajra,Maharashtra,Pune,2024,1,3513.24
bajra,Maharashtra,Raigad,2024,1,2414.29
bajra,Maharashtra,Sangli,2024,1,2758.02
bajra,Maharashtra,Sholapur,2024,1,2561.88
bajra,Maharashtra,Thane,2024,1,3677.27
bajra,Maharashtra,Ahmednagar,2024,4,2511.27
bajra,Maharashtra,Amarawati,2024,4,2651.79
bajra,Maharashtra,Beed,2024,4,2583.53
bajra,Maharashtra,Buldhana,2024,4,2133.7
bajra,Maharashtra,Chattrapati Sambhajinagar,2024,4,2428.86
bajra,Maharashtra,Dharashiv(Usmanabad),2024,4,2800.0
bajra,Maharashtra,Dhule,2024,4,2345.09
bajra,Maharashtra,Jalana,2024,4,2484.63
bajra,Maharashtra,Jalgaon,2024,4,2392.77
bajra,Maharashtra,Mumbai,2024,4,3400.0
bajra,Maharashtra,Nandurbar,2024,4,2460.93
bajra,Maharashtra,Nashik,2024,4,2690.71
bajra,Maharashtra,Parbhani,2024,4,2326.0
bajra,Maharashtra,Pune,2024,4,3066.1
bajra,Maharashtra,Sangli,2024,4,2736.21
bajra,Maharashtra,Satara,2024,4,2600.0
bajra,Maharashtra,Sholapur,2024,4,2450.0
bajra,Maharashtra,Thane,2024,4,2670.0
bajra,Maharashtra,Vashim,2024,4,2066.11
bajra,Maharashtra,Yavatmal,2024,4,2176.31
bajra,Maharashtra,Ahmednagar,2024,7,2470.15
bajra,Maharashtra,Akola,2024,7,2221.43
bajra,Maharashtra,Amarawati,2024,7,2358.6
bajra,Maharashtra,Beed,2024,7,2576.09
bajra,Maharashtra,Buldhana,2024,7,2149.93
bajra,Maharashtra,Chattrapati Sambhajinagar,2024,7,2384.17
bajra,Maharashtra,Dharashiv(Usmanabad),2024,7,2650.11
bajra,Maharashtra,Dhule,2024,7,2380.06
bajra,Maharashtra,Jalana,2024,7,2457.41
bajra,Maharashtra,Jalgaon,2024,7,2434.92
bajra,Maharashtra,Mumbai,2024,7,3150.0
bajra,Maharashtra,Nandurbar,2024,7,2328.34
bajra,Maharashtra,Nashik,2024,7,2563.6
bajra,Maharashtra,Parbhani,2024,7,2018.43
bajra,Maharashtra,Pune,2024,7,3216.13
bajra,Maharashtra,Sangli,2024,7,2757.14
bajra,Maharashtra,Sholapur,2024,7,2557.38
bajra,Maharashtra,Vashim,2024,7,2080.12
bajra,Maharashtra,Yavatmal,2024,7,2192.02
bajra,Maharashtra,Ahmednagar,2024,10,2369.37
bajra,Maharashtra,Akola,2024,10,2242.86
bajra,Maharashtra,Amarawati,2024,10,2454.86
bajra,Maharashtra,Beed,2024,10,2549.47
bajra,Maharashtra,Buldhana,2024,10,2265.94
bajra,Maharashtra,Chattrapati Sambhajinagar,2024,10,2513.01
bajra,Maharashtra,Dharashiv(Usmanabad),2024,10,2546.82
bajra,Maharashtra,Dhule,2024,10,2460.39
bajra,Maharashtra,Jalana,2024,10,2534.23
bajra,Maharashtra,Jalgaon,2024,10,2496.54
bajra,Maharashtra,Mumbai,2024,10,3500.0
bajra,Maharashtra,Nandurbar,2024,10,2454.15
bajra,Maharashtra,Nashik,2024,10,2513.97
bajra,Maharashtra,Parbhani,2024,10,2565.48
bajra,Maharashtra,Pune,2024,10,3418.08
bajra,Maharashtra,Sangli,2024,10,2813.91
bajra,Maharashtra,Satara,2024,10,2500.0
bajra,Maharashtra,Sholapur,2024,10,2194.59
bajra,Maharashtra,Thane,2024,10,2997.5
bajra,Maharashtra,Vashim,2024,10,2169.0
bajra,Maharashtra,Yavatmal,2024,10,2074.61
bajra,Maharashtra,Ahmednagar,2025,1,2588.63
bajra,Maharashtra,Akola,2025,1,2985.71
bajra,Maharashtra,Amarawati,2025,1,2848.9
bajra,Maharashtra,Beed,2025,1,2875.76
bajra,Maharashtra,Buldhana,2025,1,2482.49
bajra,Maharashtra,Chattrapati Sambhajinagar,2025,1,2828.74
bajra,Maharashtra,Dhule,2025,1,2510.68
bajra,Maharashtra,Jalana,2025,1,2779.13
bajra,Maharashtra,Jalgaon,2025,1,2726.84
bajra,Maharashtra,Mumbai,2025,1,3589.22
bajra,Maharashtra,Nandurbar,2025,1,2791.92
bajra,Maharashtra,Nashik,2025,1,2720.61
bajra,Maharashtra,Parbhani,2025,1,2648.67
bajra,Maharashtra,Pune,2025,1,3677.79
bajra,Maharashtra,Sangli,2025,1,3094.21
bajra,Maharashtra,Satara,2025,1,2560.94
bajra,Maharashtra,Sholapur,2025,1,2604.37
bajra,Maharashtra,Thane,2025,1,2913.33
bajra,Maharashtra,Vashim,2025,1,2488.92
bajra,Maharashtra,Yavatmal,2025,1,2500.0
bajra,Maharashtra,Ahmednagar,2025,4,2574.07
bajra,Maharashtra,Amarawati,2025,4,2491.37
bajra,Maharashtra,Beed,2025,4,2483.0
bajra,Maharashtra,Buldhana,2025,4,2429.86
bajra,Maharashtra,Chattrapati Sambhajinagar,2025,4,2541.82
bajra,Maharashtra,Dharashiv(Usmanabad),2025,4,2579.27
bajra,Maharashtra,Dhule,2025,4,2542.56
bajra,Maharashtra,Jalana,2025,4,2520.69
bajra,Maharashtra,Jalgaon,2025,4,2493.91
bajra,Maharashtra,Mumbai,2025,4,3900.0
bajra,Maharashtra,Nandurbar,2025,4,2329.86
bajra,Maharashtra,Nashik,2025,4,2440.64
bajra,Maharashtra,Parbhani,2025,4,2390.25
bajra,Maharashtra,Pune,2025,4,3061.94
bajra,Maharashtra,Sangli,2025,4,3045.05
bajra,Maharashtra,Sholapur,2025,4,2561.76
bajra,Maharashtra,Thane,2025,4,3046.49
bajra,Maharashtra,Vashim,2025,4,2378.86
bajra,Maharashtra,Yavatmal,2025,4,2699.15
bajra,Maharashtra,Ahmednagar,2025,7,2312.94
bajra,Maharashtra,Akola,2025,7,2180.77
bajra,Maharashtra,Amarawati,2025,7,2202.37
bajra,Maharashtra,Beed,2025,7,2536.28
bajra,Maharashtra,Buldhana,2025,7,2167.48
bajra,Maharashtra,Chattrapati Sambhajinagar,2025,7,2491.74
bajra,Maharashtra,Dharashiv(Usmanabad),2025,7,2268.54
bajra,Maharashtra,Dhule,2025,7,2361.25
bajra,Maharashtra,Jalana,2025,7,2695.09
bajra,Maharashtra,Jalgaon,2025,7,2401.08
bajra,Maharashtra,Mumbai,2025,7,3100.58
bajra,Maharashtra,Nanded,2025,7,2000.0
bajra,Maharashtra,Nandurbar,2025,7,2283.59
bajra,Maharashtra,Nashik,2025,7,2411.25
bajra,Maharashtra,Parbhani,2025,7,2054.84
bajra,Maharashtra,Pune,2025,7,3375.58
bajra,Maharashtra,Sangli,2025,7,2981.36
bajra,Maharashtra,Sholapur,2025,7,2250.9
bajra,Maharashtra,Thane,2025,7,3096.8
bajra,Maharashtra,Vashim,2025,7,2223.45
bajra,Maharashtra,Yavatmal,2025,7,2148.48
bajra,Maharashtra,Ahmednagar,2025,10,2319.63
bajra,Maharashtra,Akola,2025,10,2237.88
bajra,Maharashtra,Amarawati,2025,10,2194.63
bajra,Maharashtra,Beed,2025,10,2541.0
bajra,Maharashtra,Buldhana,2025,10,2286.04
bajra,Maharashtra,Chattrapati Sambhajinagar,2025,10,2494.51
bajra,Maharashtra,Dharashiv(Usmanabad),2025,10,2479.47
bajra,Maharashtra,Dhule,2025,10,2248.58
bajra,Maharashtra,Jalana,2025,10,2708.09
bajra,Maharashtra,Jalgaon,2025,10,2362.2
bajra,Maharashtra,Mumbai,2025,10,3500.0
bajra,Maharashtra,Nandurbar,2025,10,2145.96
bajra,Maharashtra,Nashik,2025,10,2262.2
bajra,Maharashtra,Parbhani,2025,10,2415.57
bajra,Maharashtra,Pune,2025,10,3321.74
bajra,Maharashtra,Sangli,2025,10,2896.22
bajra,Maharashtra,Satara,2025,10,2700.0
bajra,Maharashtra,Sholapur,2025,10,1964.08
bajra,Maharashtra,Thane,2025,10,2993.97
bajra,Maharashtra,Vashim,2025,10,2140.3
bajra,Maharashtra,Yavatmal,2025,10,2608.85
bajra,Maharashtra,Ahmednagar,2026,1,2315.51
bajra,Maharashtra,Amarawati,2026,1,2431.25
bajra,Maharashtra,Beed,2026,1,2812.02
bajra,Maharashtra,Buldhana,2026,1,2557.3
bajra,Maharashtra,Chattrapati Sambhajinagar,2026,1,2871.3
bajra,Maharashtra,Dharashiv(Usmanabad),2026,1,2566.67
bajra,Maharashtra,Dhule,2026,1,2349.54
bajra,Maharashtra,Jalana,2026,1,2709.87
bajra,Maharashtra,Jalgaon,2026,1,2546.26
bajra,Maharashtra,Kolhapur,2026,1,3000.0
bajra,Maharashtra,Mumbai,2026,1,4025.11
bajra,Maharashtra,Nandurbar,2026,1,2269.6
bajra,Maharashtra,Nashik,2026,1,2379.6
bajra,Maharashtra,Pune,2026,1,3760.59
bajra,Maharashtra,Sangli,2026,1,3127.28
bajra,Maharashtra,Satara,2026,1,2651.04
bajra,Maharashtra,Sholapur,2026,1,2070.68
bajra,Maharashtra,Thane,2026,1,3069.71
bajra,Maharashtra,Yavatmal,2026,1,2735.6
bajra,Maharashtra,Ahmednagar,2026,2,2233.13
bajra,Maharashtra,Amarawati,2026,2,2515.62
bajra,Maharashtra,Beed,2026,2,2792.06
bajra,Maharashtra,Buldhana,2026,2,2391.62
bajra,Maharashtra,Chattrapati Sambhajinagar,2026,2,2574.29
bajra,Maharashtra,Dharashiv(Usmanabad),2026,2,2760.67
bajra,Maharashtra,Dhule,2026,2,2140.89
bajra,Maharashtra,Jalana,2026,2,2792.12
bajra,Maharashtra,Jalgaon,2026,2,2508.8
bajra,Maharashtra,Mumbai,2026,2,4000.0
bajra,Maharashtra,Nandurbar,2026,2,2037.65
bajra,Maharashtra,Nashik,2026,2,2299.22
bajra,Maharashtra,Parbhani,2026,2,2533.19
bajra,Maharashtra,Pune,2026,2,3793.09
bajra,Maharashtra,Sangli,2026,2,3138.48
bajra,Maharashtra,Sholapur,2026,2,1835.38
bajra,Maharashtra,Thane,2026,2,2972.64
bajra,Maharashtra,Ahmednagar,2026,3,2136.63
bajra,Maharashtra,Amarawati,2026,3,2446.43
bajra,Maharashtra,Beed,2026,3,2611.76
bajra,Maharashtra,Buldhana,2026,3,2365.26
bajra,Maharashtra,Chattrapati Sambhajinagar,2026,3,2248.11
bajra,Maharashtra,Dhule,2026,3,2401.14
bajra,Maharashtra,Jalana,2026,3,2667.32
bajra,Maharashtra,Jalgaon,2026,3,2429.54
bajra,Maharashtra,Mumbai,2026,3,4000.0
bajra,Maharashtra,Nandurbar,2026,3,1821.74
bajra,Maharashtra,Nashik,2026,3,1958.8
bajra,Maharashtra,Parbhani,2026,3,2300.0
bajra,Maharashtra,Pune,2026,3,3861.04
bajra,Maharashtra,Sangli,2026,3,3138.0
bajra,Maharashtra,Sholapur,2026,3,2120.0
bajra,Maharashtra,Thane,2026,3,2998.74
bajra,Maharashtra,Yavatmal,2026,3,2000.0
bajra,Maharashtra,Ahmednagar,2026,4,1984.18
bajra,Maharashtra,Akola,2026,4,1200.0
bajra,Maharashtra,Amarawati,2026,4,2433.33
bajra,Maharashtra,Beed,2026,4,2570.21
bajra,Maharashtra,Buldhana,2026,4,2131.96
bajra,Maharashtra,Chattrapati Sambhajinagar,2026,4,2765.43
bajra,Maharashtra,Dhule,2026,4,2292.32
bajra,Maharashtra,Jalana,2026,4,2563.24
bajra,Maharashtra,Jalgaon,2026,4,2377.13
bajra,Maharashtra,Mumbai,2026,4,4000.0
bajra,Maharashtra,Nandurbar,2026,4,2381.02
bajra,Maharashtra,Nashik,2026,4,2259.21
bajra,Maharashtra,Parbhani,2026,4,2600.0
bajra,Maharashtra,Pune,2026,4,3553.05
bajra,Maharashtra,Sholapur,2026,4,1702.0
bajra,Maharashtra,Thane,2026,4,2900.0
bajra,Karnataka,Bagalkot,2021,1,1222.13
bajra,Karnataka,Bangalore,2021,1,1940.79
bajra,Karnataka,Belgaum,2021,1,1373.92
bajra,Karnataka,Bellary,2021,1,1278.21
bajra,Karnataka,Bidar,2021,1,1138.1
bajra,Karnataka,Gadag,2021,1,1193.47
bajra,Karnataka,Kalburgi,2021,1,1322.27
bajra,Karnataka,Koppal,2021,1,1180.33
bajra,Karnataka,Raichur,2021,1,1199.1
bajra,Karnataka,Bagalkot,2021,4,1335.15
bajra,Karnataka,Bangalore,2021,4,1999.68
bajra,Karnataka,Belgaum,2021,4,1339.81
bajra,Karnataka,Bellary,2021,4,1506.37
bajra,Karnataka,Bijapur,2021,4,1293.33
bajra,Karnataka,Gadag,2021,4,1258.68
bajra,Karnataka,Kalburgi,2021,4,1441.67
bajra,Karnataka,Koppal,2021,4,1413.86
bajra,Karnataka,Raichur,2021,4,1606.36
bajra,Karnataka,Bagalkot,2021,7,1528.2
bajra,Karnataka,Bangalore,2021,7,1952.4
bajra,Karnataka,Belgaum,2021,7,1652.03
bajra,Karnataka,Bellary,2021,7,1675.71
bajra,Karnataka,Bidar,2021,7,1299.0
bajra,Karnataka,Bijapur,2021,7,1443.23
bajra,Karnataka,Gadag,2021,7,1370.62
bajra,Karnataka,Kalburgi,2021,7,1513.64
bajra,Karnataka,Koppal,2021,7,1498.66
bajra,Karnataka,Raichur,2021,7,1549.3
bajra,Karnataka,Bagalkot,2021,10,1538.95
bajra,Karnataka,Bangalore,2021,10,2150.0
bajra,Karnataka,Belgaum,2021,10,1501.79
bajra,Karnataka,Bellary,2021,10,1565.91
bajra,Karnataka,Bidar,2021,10,1400.0
bajra,Karnataka,Bijapur,2021,10,1466.15
bajra,Karnataka,Gadag,2021,10,1480.32
bajra,Karnataka,Kalburgi,2021,10,2202.17
bajra,Karnataka,Koppal,2021,10,1482.57
bajra,Karnataka,Raichur,2021,10,1538.5
bajra,Karnataka,Bagalkot,2022,1,1692.11
bajra,Karnataka,Bangalore,2022,1,2284.42
bajra,Karnataka,Belgaum,2022,1,1747.57
bajra,Karnataka,Bellary,2022,1,1790.03
bajra,Karnataka,Bidar,2022,1,1496.67
bajra,Karnataka,Bijapur,2022,1,1551.35
bajra,Karnataka,Dharwad,2022,1,1750.0
bajra,Karnataka,Gadag,2022,1,1829.55
bajra,Karnataka,Kalburgi,2022,1,1955.56
bajra,Karnataka,Koppal,2022,1,1660.97
bajra,Karnataka,Raichur,2022,1,1782.3
bajra,Karnataka,Bagalkot,2022,4,2098.38
bajra,Karnataka,Bangalore,2022,4,2745.29
bajra,Karnataka,Belgaum,2022,4,1966.67
bajra,Karnataka,Bellary,2022,4,2149.98
bajra,Karnataka,Bijapur,2022,4,1831.94
bajra,Karnataka,Gadag,2022,4,1800.0
bajra,Karnataka,Kalburgi,2022,4,2284.29
bajra,Karnataka,Koppal,2022,4,2159.45
bajra,Karnataka,Raichur,2022,4,2252.2
bajra,Karnataka,Bagalkot,2022,10,2224.27
bajra,Karnataka,Bangalore,2022,10,2915.68
bajra,Karnataka,Belgaum,2022,10,1921.96
bajra,Karnataka,Bellary,2022,10,1960.54
bajra,Karnataka,Bijapur,2022,10,1893.9
bajra,Karnataka,Gadag,2022,10,1849.24
bajra,Karnataka,Kalburgi,2022,10,1950.0
bajra,Karnataka,Koppal,2022,10,1835.47
bajra,Karnataka,Raichur,2022,10,1944.99
bajra,Karnataka,Bagalkot,2022,7,2270.0
bajra,Karnataka,Bangalore,2022,7,2620.08
bajra,Karnataka,Belgaum,2022,7,2177.78
bajra,Karnataka,Bellary,2022,7,2484.18
bajra,Karnataka,Bijapur,2022,7,1796.67
bajra,Karnataka,Kalburgi,2022,7,2042.86
bajra,Karnataka,Kolar,2022,7,2650.0
bajra,Karnataka,Koppal,2022,7,2227.5
bajra,Karnataka,Raichur,2022,7,2478.9
bajra,Karnataka,Bagalkot,2023,1,2174.45
bajra,Karnataka,Bangalore,2023,1,2935.61
bajra,Karnataka,Belgaum,2023,1,2076.67
bajra,Karnataka,Bellary,2023,1,2391.5
bajra,Karnataka,Bijapur,2023,1,2338.89
bajra,Karnataka,Gadag,2023,1,2282.94
bajra,Karnataka,Kalburgi,2023,1,2550.0
bajra,Karnataka,Kolar,2023,1,2250.0
bajra,Karnataka,Koppal,2023,1,2079.03
bajra,Karnataka,Raichur,2023,1,2300.96
bajra,Karnataka,Bagalkot,2023,4,2000.0
bajra,Karnataka,Bangalore,2023,4,2947.43
bajra,Karnataka,Belgaum,2023,4,2129.0
bajra,Karnataka,Bellary,2023,4,2329.31
bajra,Karnataka,Bijapur,2023,4,2277.78
bajra,Karnataka,Kalburgi,2023,4,2400.0
bajra,Karnataka,Koppal,2023,4,2185.88
bajra,Karnataka,Raichur,2023,4,2535.46
bajra,Karnataka,Bagalkot,2023,7,2246.32
bajra,Karnataka,Bangalore,2023,7,2900.0
bajra,Karnataka,Belgaum,2023,7,2084.83
bajra,Karnataka,Bellary,2023,7,2523.53
bajra,Karnataka,Bijapur,2023,7,2425.0
bajra,Karnataka,Kalburgi,2023,7,2222.5
bajra,Karnataka,Koppal,2023,7,2161.25
bajra,Karnataka,Raichur,2023,7,2547.16
bajra,Karnataka,Bagalkot,2023,10,2414.18
bajra,Karnataka,Bangalore,2023,10,3000.0
bajra,Karnataka,Belgaum,2023,10,2178.84
bajra,Karnataka,Bellary,2023,10,2274.31
bajra,Karnataka,Bijapur,2023,10,2422.5
bajra,Karnataka,Gadag,2023,10,2181.32
bajra,Karnataka,Kalburgi,2023,10,2650.0
bajra,Karnataka,Koppal,2023,10,2239.02
bajra,Karnataka,Raichur,2023,10,2262.79
bajra,Karnataka,Bagalkot,2024,1,2239.3
bajra,Karnataka,Bangalore,2024,1,3163.16
bajra,Karnataka,Bellary,2024,1,2390.93
bajra,Karnataka,Bijapur,2024,1,2518.27
bajra,Karnataka,Chitradurga,2024,1,2509.0
bajra,Karnataka,Gadag,2024,1,2277.25
bajra,Karnataka,Kalburgi,2024,1,2560.91
bajra,Karnataka,Koppal,2024,1,2286.33
bajra,Karnataka,Raichur,2024,1,2493.74
bajra,Karnataka,Bagalkot,2024,4,2092.2
bajra,Karnataka,Bangalore,2024,4,3000.0
bajra,Karnataka,Belgaum,2024,4,2100.0
bajra,Karnataka,Bellary,2024,4,2356.35
bajra,Karnataka,Bijapur,2024,4,2364.06
bajra,Karnataka,Gadag,2024,4,2199.0
bajra,Karnataka,Kalburgi,2024,4,2501.72
bajra,Karnataka,Koppal,2024,4,2249.96
bajra,Karnataka,Raichur,2024,4,2372.93
bajra,Karnataka,Bagalkot,2024,7,2334.33
bajra,Karnataka,Bangalore,2024,7,2921.19
bajra,Karnataka,Bellary,2024,7,2492.3
bajra,Karnataka,Bijapur,2024,7,2222.18
bajra,Karnataka,Chitradurga,2024,7,2548.0
bajra,Karnataka,Gadag,2024,7,2342.33
bajra,Karnataka,Kalburgi,2024,7,2268.55
bajra,Karnataka,Koppal,2024,7,2463.77
bajra,Karnataka,Mandya,2024,7,2700.0
bajra,Karnataka,Raichur,2024,7,2539.38
bajra,Karnataka,Bagalkot,2024,10,2309.93
bajra,Karnataka,Bangalore,2024,10,3000.0
bajra,Karnataka,Belgaum,2024,10,2228.45
bajra,Karnataka,Bellary,2024,10,2204.67
bajra,Karnataka,Bijapur,2024,10,2260.54
bajra,Karnataka,Gadag,2024,10,2152.44
bajra,Karnataka,Kalburgi,2024,10,2310.8
bajra,Karnataka,Koppal,2024,10,2207.89
bajra,Karnataka,Raichur,2024,10,2306.9
bajra,Karnataka,Bagalkot,2025,1,2353.93
bajra,Karnataka,Bangalore,2025,1,3277.37
bajra,Karnataka,Bellary,2025,1,2349.38
bajra,Karnataka,Bijapur,2025,1,2330.19
bajra,Karnataka,Chamrajnagar,2025,1,2400.0
bajra,Karnataka,Gadag,2025,1,2173.0
bajra,Karnataka,Kalburgi,2025,1,2766.0
bajra,Karnataka,Koppal,2025,1,2250.37
bajra,Karnataka,Raichur,2025,1,2376.37
bajra,Karnataka,Bagalkot,2025,4,2229.0
bajra,Karnataka,Belgaum,2025,4,2288.5
bajra,Karnataka,Kalburgi,2025,4,2341.07
bajra,Karnataka,Kolar,2025,4,2800.0
bajra,Karnataka,Raichur,2025,4,2297.1
bajra,Karnataka,Kalburgi,2025,7,2176.29
bajra,Karnataka,Koppal,2025,7,2380.0
bajra,Karnataka,Kalburgi,2025,10,2130.0
bajra,Karnataka,Shimoga,2025,10,2833.0
bajra,Karnataka,Yadgiri,2025,10,2350.0
bajra,Karnataka,Bagalkot,2026,1,1951.15
bajra,Karnataka,Belgaum,2026,1,2087.19
bajra,Karnataka,Bellary,2026,1,2289.75
bajra,Karnataka,Bijapur,2026,1,2212.01
bajra,Karnataka,Chitradurga,2026,1,2109.0
bajra,Karnataka,Davangere,2026,1,2300.0
bajra,Karnataka,Kalburgi,2026,1,2577.78
bajra,Karnataka,Raichur,2026,1,2137.12
bajra,Karnataka,Yadgiri,2026,1,2300.0
bajra,Karnataka,Bagalkot,2026,2,1860.1
bajra,Karnataka,Belgaum,2026,2,2900.0
bajra,Karnataka,Bellary,2026,2,1969.5
bajra,Karnataka,Bijapur,2026,2,1912.72
bajra,Karnataka,Chitradurga,2026,2,1720.0
bajra,Karnataka,Davangere,2026,2,2800.0
bajra,Karnataka,Kalburgi,2026,2,2250.0
bajra,Karnataka,Raichur,2026,2,2296.9
bajra,Karnataka,Yadgiri,2026,2,2355.22
bajra,Karnataka,Bagalkot,2026,3,1842.57
bajra,Karnataka,Bangalore,2026,3,3150.0
bajra,Karnataka,Belgaum,2026,3,1964.09
bajra,Karnataka,Bellary,2026,3,2086.18
bajra,Karnataka,Bidar,2026,3,2400.0
bajra,Karnataka,Bijapur,2026,3,2062.51
bajra,Karnataka,Davangere,2026,3,2432.08
bajra,Karnataka,Kalburgi,2026,3,2344.69
bajra,Karnataka,Koppal,2026,3,1985.8
bajra,Karnataka,Raichur,2026,3,2300.94
bajra,Karnataka,Yadgiri,2026,3,2238.93
bajra,Karnataka,Bagalkot,2026,4,2066.9
bajra,Karnataka,Bangalore,2026,4,3122.53
bajra,Karnataka,Belgaum,2026,4,2189.32
bajra,Karnataka,Bellary,2026,4,2638.64
bajra,Karnataka,Bijapur,2026,4,1865.81
bajra,Karnataka,Gadag,2026,4,1817.0
bajra,Karnataka,Haveri,2026,4,3200.0
bajra,Karnataka,Kalburgi,2026,4,2350.0
bajra,Karnataka,Koppal,2026,4,2049.88
bajra,Karnataka,Raichur,2026,4,2299.9
bajra,Karnataka,Shimoga,2026,4,2560.0
bajra,Karnataka,Yadgiri,2026,4,2057.93
ragi,Karnataka,Bangalore,2021,1,3150.0
ragi,Karnataka,Bellary,2021,1,2170.17
ragi,Karnataka,Chikmagalur,2021,1,2000.0
ragi,Karnataka,Chitradurga,2021,1,2166.82
ragi,Karnataka,Davangere,2021,1,2308.71
ragi,Karnataka,Hassan,2021,1,2262.08
ragi,Karnataka,Haveri,2021,1,1433.33
ragi,Karnataka,Kolar,2021,1,2040.52
ragi,Karnataka,Mandya,2021,1,2394.85
ragi,Karnataka,Mysore,2021,1,2168.93
ragi,Karnataka,Shimoga,2021,1,4289.33
ragi,Karnataka,Tumkur,2021,1,2127.56
ragi,Karnataka,Bangalore,2021,4,4780.89
ragi,Karnataka,Bellary,2021,4,2393.85
ragi,Karnataka,Chikmagalur,2021,4,2226.98
ragi,Karnataka,Chitradurga,2021,4,2367.19
ragi,Karnataka,Davangere,2021,4,2497.36
ragi,Karnataka,Hassan,2021,4,2492.09
ragi,Karnataka,Haveri,2021,4,1550.0
ragi,Karnataka,Kolar,2021,4,3003.69
ragi,Karnataka,Mandya,2021,4,2340.0
ragi,Karnataka,Shimoga,2021,4,3062.5
ragi,Karnataka,Tumkur,2021,4,3017.41
ragi,Karnataka,Bangalore,2021,10,2900.0
ragi,Karnataka,Bellary,2021,10,1896.8
ragi,Karnataka,Chikmagalur,2021,10,3465.67
ragi,Karnataka,Chitradurga,2021,10,2206.41
ragi,Karnataka,Davangere,2021,10,1951.28
ragi,Karnataka,Dharwad,2021,10,3033.33
ragi,Karnataka,Hassan,2021,10,2036.84
ragi,Karnataka,Haveri,2021,10,1830.0
ragi,Karnataka,Kolar,2021,10,2000.0
ragi,Karnataka,Mandya,2021,10,2605.36
ragi,Karnataka,Mysore,2021,10,2121.84
ragi,Karnataka,Shimoga,2021,10,2850.0
ragi,Karnataka,Tumkur,2021,10,2129.03
ragi,Karnataka,Bangalore,2021,7,2897.93
ragi,Karnataka,Bellary,2021,7,1842.27
ragi,Karnataka,Chamrajnagar,2021,7,2350.0
ragi,Karnataka,Chikmagalur,2021,7,1995.63
ragi,Karnataka,Chitradurga,2021,7,2121.06
ragi,Karnataka,Davangere,2021,7,2213.67
ragi,Karnataka,Hassan,2021,7,2029.57
ragi,Karnataka,Haveri,2021,7,1700.0
ragi,Karnataka,Kolar,2021,7,1937.84
ragi,Karnataka,Mandya,2021,7,2546.38
ragi,Karnataka,Mysore,2021,7,3155.48
ragi,Karnataka,Shimoga,2021,7,2907.14
ragi,Karnataka,Tumkur,2021,7,2248.04
ragi,Karnataka,Bangalore,2022,1,2902.45
ragi,Karnataka,Bellary,2022,1,1978.71
ragi,Karnataka,Chikmagalur,2022,1,1902.65
ragi,Karnataka,Chitradurga,2022,1,2306.33
ragi,Karnataka,Davangere,2022,1,2181.79
ragi,Karnataka,Dharwad,2022,1,2800.0
ragi,Karnataka,Hassan,2022,1,2041.46
ragi,Karnataka,Kolar,2022,1,2127.78
ragi,Karnataka,Mandya,2022,1,2651.46
ragi,Karnataka,Mysore,2022,1,2137.84
ragi,Karnataka,Shimoga,2022,1,2812.5
ragi,Karnataka,Tumkur,2022,1,2050.88
ragi,Karnataka,Bangalore,2022,4,2900.0
ragi,Karnataka,Bellary,2022,4,1760.03
ragi,Karnataka,Chitradurga,2022,4,2044.83
ragi,Karnataka,Davangere,2022,4,1809.69
ragi,Karnataka,Hassan,2022,4,1814.16
ragi,Karnataka,Haveri,2022,4,1950.0
ragi,Karnataka,Kolar,2022,4,2003.15
ragi,Karnataka,Mandya,2022,4,2606.82
ragi,Karnataka,Mysore,2022,4,1819.82
ragi,Karnataka,Shimoga,2022,4,2856.77
ragi,Karnataka,Tumkur,2022,4,2135.33
ragi,Karnataka,Bangalore,2022,7,2900.0
ragi,Karnataka,Bellary,2022,7,1678.43
ragi,Karnataka,Chikmagalur,2022,7,1901.35
ragi,Karnataka,Chitradurga,2022,7,1761.55
ragi,Karnataka,Davangere,2022,7,1828.57
ragi,Karnataka,Gadag,2022,7,2234.0
ragi,Karnataka,Hassan,2022,7,1744.06
ragi,Karnataka,Haveri,2022,7,1625.0
ragi,Karnataka,Kolar,2022,7,3004.41
ragi,Karnataka,Mandya,2022,7,2375.86
ragi,Karnataka,Mysore,2022,7,1960.61
ragi,Karnataka,Shimoga,2022,7,2825.93
ragi,Karnataka,Tumkur,2022,7,1902.46
ragi,Karnataka,Bangalore,2022,10,2900.0
ragi,Karnataka,Bellary,2022,10,1736.41
ragi,Karnataka,Chamrajnagar,2022,10,1854.55
ragi,Karnataka,Chikmagalur,2022,10,2283.86
ragi,Karnataka,Chitradurga,2022,10,2300.0
ragi,Karnataka,Davangere,2022,10,1912.78
ragi,Karnataka,Hassan,2022,10,1800.0
ragi,Karnataka,Haveri,2022,10,1724.8
ragi,Karnataka,Kolar,2022,10,1876.19
ragi,Karnataka,Mandya,2022,10,1932.41
ragi,Karnataka,Mysore,2022,10,2158.55
ragi,Karnataka,Shimoga,2022,10,2797.5
ragi,Karnataka,Tumkur,2022,10,2133.7
ragi,Karnataka,Bangalore,2023,1,2915.97
ragi,Karnataka,Bellary,2023,1,2325.9
ragi,Karnataka,Chamrajnagar,2023,1,2000.0
ragi,Karnataka,Chikmagalur,2023,1,2536.93
ragi,Karnataka,Chitradurga,2023,1,2290.76
ragi,Karnataka,Davangere,2023,1,2308.1
ragi,Karnataka,Hassan,2023,1,2067.1
ragi,Karnataka,Kolar,2023,1,2378.57
ragi,Karnataka,Mandya,2023,1,2611.74
ragi,Karnataka,Mysore,2023,1,2332.92
ragi,Karnataka,Shimoga,2023,1,2816.67
ragi,Karnataka,Tumkur,2023,1,2291.67
ragi,Karnataka,Bangalore,2023,4,3091.34
ragi,Karnataka,Bellary,2023,4,2403.62
ragi,Karnataka,Chamrajnagar,2023,4,3000.0
ragi,Karnataka,Chikmagalur,2023,4,2702.17
ragi,Karnataka,Chitradurga,2023,4,2554.65
ragi,Karnataka,Davangere,2023,4,2368.12
ragi,Karnataka,Hassan,2023,4,2460.53
ragi,Karnataka,Kolar,2023,4,2246.73
ragi,Karnataka,Mandya,2023,4,2490.91
ragi,Karnataka,Mysore,2023,4,2873.23
ragi,Karnataka,Shimoga,2023,4,3217.86
ragi,Karnataka,Tumkur,2023,4,2616.91
ragi,Karnataka,Bangalore,2023,7,4083.87
ragi,Karnataka,Bellary,2023,7,2753.67
ragi,Karnataka,Chamrajnagar,2023,7,2670.0
ragi,Karnataka,Chikmagalur,2023,7,3024.05
ragi,Karnataka,Chitradurga,2023,7,2520.74
ragi,Karnataka,Davangere,2023,7,2581.19
ragi,Karnataka,Hassan,2023,7,2366.67
ragi,Karnataka,Kolar,2023,7,2755.12
ragi,Karnataka,Mandya,2023,7,3095.65
ragi,Karnataka,Mysore,2023,7,2744.47
ragi,Karnataka,Shimoga,2023,7,3177.27
ragi,Karnataka,Tumkur,2023,7,2479.34
ragi,Karnataka,Bangalore,2023,10,3751.02
ragi,Karnataka,Bellary,2023,10,2810.33
ragi,Karnataka,Chamrajnagar,2023,10,3425.0
ragi,Karnataka,Chikmagalur,2023,10,3061.92
ragi,Karnataka,Davangere,2023,10,2768.04
ragi,Karnataka,Hassan,2023,10,2518.08
ragi,Karnataka,Haveri,2023,10,2392.86
ragi,Karnataka,Kolar,2023,10,2696.67
ragi,Karnataka,Mandya,2023,10,3533.33
ragi,Karnataka,Mysore,2023,10,3255.6
ragi,Karnataka,Shimoga,2023,10,3697.5
ragi,Karnataka,Tumkur,2023,10,2588.69
ragi,Karnataka,Bangalore,2024,1,4074.13
ragi,Karnataka,Bellary,2024,1,3139.0
ragi,Karnataka,Chamrajnagar,2024,1,2450.0
ragi,Karnataka,Chikmagalur,2024,1,3448.0
ragi,Karnataka,Davangere,2024,1,3043.39
ragi,Karnataka,Hassan,2024,1,2700.25
ragi,Karnataka,Kolar,2024,1,2925.35
ragi,Karnataka,Mandya,2024,1,3803.23
ragi,Karnataka,Mysore,2024,1,2664.22
ragi,Karnataka,Shimoga,2024,1,3863.46
ragi,Karnataka,Tumkur,2024,1,3187.9
ragi,Karnataka,Bangalore,2024,4,4033.93
ragi,Karnataka,Bellary,2024,4,3074.85
ragi,Karnataka,Davangere,2024,4,3014.25
ragi,Karnataka,Hassan,2024,4,2777.7
ragi,Karnataka,Kolar,2024,4,3280.49
ragi,Karnataka,Mandya,2024,4,3187.4
ragi,Karnataka,Mysore,2024,4,3158.0
ragi,Karnataka,Shimoga,2024,4,3861.11
ragi,Karnataka,Tumkur,2024,4,3071.83
ragi,Karnataka,Bangalore,2024,4,4033.93
ragi,Karnataka,Bellary,2024,4,3074.85
ragi,Karnataka,Davangere,2024,4,3014.25
ragi,Karnataka,Hassan,2024,4,2777.7
ragi,Karnataka,Kolar,2024,4,3280.49
ragi,Karnataka,Mandya,2024,4,3187.4
ragi,Karnataka,Mysore,2024,4,3158.0
ragi,Karnataka,Shimoga,2024,4,3861.11
ragi,Karnataka,Tumkur,2024,4,3071.83
ragi,Karnataka,Bangalore,2024,7,4025.13
ragi,Karnataka,Bellary,2024,7,3141.0
ragi,Karnataka,Chamrajnagar,2024,7,2857.71
ragi,Karnataka,Chikmagalur,2024,7,3513.1
ragi,Karnataka,Chitradurga,2024,7,3183.5
ragi,Karnataka,Davangere,2024,7,3317.94
ragi,Karnataka,Hassan,2024,7,3155.77
ragi,Karnataka,Kolar,2024,7,3068.44
ragi,Karnataka,Mandya,2024,7,3061.01
ragi,Karnataka,Mysore,2024,7,3289.88
ragi,Karnataka,Shimoga,2024,7,4200.0
ragi,Karnataka,Tumkur,2024,7,3338.39
ragi,Karnataka,Bangalore,2024,10,4169.59
ragi,Karnataka,Bellary,2024,10,3100.73
ragi,Karnataka,Chamrajnagar,2024,10,2898.98
ragi,Karnataka,Chitradurga,2024,10,2850.0
ragi,Karnataka,Davangere,2024,10,3074.05
ragi,Karnataka,Hassan,2024,10,2916.8
ragi,Karnataka,Haveri,2024,10,4120.0
ragi,Karnataka,Kolar,2024,10,3011.96
ragi,Karnataka,Mandya,2024,10,3331.99
ragi,Karnataka,Mysore,2024,10,3392.35
ragi,Karnataka,Shimoga,2024,10,3997.83
ragi,Karnataka,Tumkur,2024,10,2916.71
ragi,Karnataka,Bangalore,2025,1,4204.2
ragi,Karnataka,Bellary,2025,1,3175.12
ragi,Karnataka,Chamrajnagar,2025,1,3075.79
ragi,Karnataka,Chikmagalur,2025,1,4300.0
ragi,Karnataka,Chitradurga,2025,1,3000.0
ragi,Karnataka,Davangere,2025,1,3223.34
ragi,Karnataka,Hassan,2025,1,2975.79
ragi,Karnataka,Kolar,2025,1,3200.0
ragi,Karnataka,Mandya,2025,1,3343.18
ragi,Karnataka,Mysore,2025,1,3101.22
ragi,Karnataka,Shimoga,2025,1,3589.66
ragi,Karnataka,Tumkur,2025,1,3138.19
ragi,Karnataka,Bellary,2025,4,3055.24
ragi,Karnataka,Davangere,2025,4,3027.22
ragi,Karnataka,Haveri,2025,4,2900.0
ragi,Karnataka,Shimoga,2025,4,3771.43
ragi,Karnataka,Tumkur,2025,4,3467.23
ragi,Karnataka,Chikmagalur,2025,7,3400.0
ragi,Karnataka,Davangere,2025,7,3422.29
ragi,Karnataka,Kolar,2025,7,3528.57
ragi,Karnataka,Mysore,2025,7,3400.0
ragi,Karnataka,Tumkur,2025,7,3506.0
ragi,Karnataka,Chitradurga,2025,10,4000.0
ragi,Karnataka,Davangere,2025,10,3609.0
ragi,Karnataka,Dharwad,2025,10,2475.13
ragi,Karnataka,Kolar,2025,10,3512.69
ragi,Karnataka,Mysore,2025,10,3251.9
ragi,Karnataka,Shimoga,2025,10,4140.51
ragi,Karnataka,Tumkur,2025,10,3514.76
ragi,Karnataka,Bangalore,2026,1,3600.0
ragi,Karnataka,Bellary,2026,1,3524.45
ragi,Karnataka,Chamrajnagar,2026,1,3559.78
ragi,Karnataka,Chitradurga,2026,1,3533.6
ragi,Karnataka,Davangere,2026,1,3633.31
ragi,Karnataka,Dharwad,2026,1,4200.0
ragi,Karnataka,Hassan,2026,1,3500.0
ragi,Karnataka,Kolar,2026,1,3727.56
ragi,Karnataka,Mysore,2026,1,4101.33
ragi,Karnataka,Shimoga,2026,1,3300.0
ragi,Karnataka,Tumkur,2026,1,3403.62
ragi,Karnataka,Bangalore,2026,2,3590.33
ragi,Karnataka,Bellary,2026,2,3448.43
ragi,Karnataka,Chamrajnagar,2026,2,3620.75
ragi,Karnataka,Chitradurga,2026,2,3309.46
ragi,Karnataka,Davangere,2026,2,3458.73
ragi,Karnataka,Hassan,2026,2,3597.67
ragi,Karnataka,Kolar,2026,2,3369.44
ragi,Karnataka,Mandya,2026,2,3500.0
ragi,Karnataka,Mysore,2026,2,3662.61
ragi,Karnataka,Shimoga,2026,2,4532.93
ragi,Karnataka,Tumkur,2026,2,3378.74
ragi,Karnataka,Bangalore,2026,3,4151.37
ragi,Karnataka,Bellary,2026,3,3207.46
ragi,Karnataka,Chamrajnagar,2026,3,4239.86
ragi,Karnataka,Chikmagalur,2026,3,3206.38
ragi,Karnataka,Chitradurga,2026,3,3442.44
ragi,Karnataka,Davangere,2026,3,3274.77
ragi,Karnataka,Dharwad,2026,3,2488.57
ragi,Karnataka,Hassan,2026,3,3610.4
ragi,Karnataka,Haveri,2026,3,3080.92
ragi,Karnataka,Kolar,2026,3,3801.57
ragi,Karnataka,Mandya,2026,3,3736.18
ragi,Karnataka,Mysore,2026,3,3605.87
ragi,Karnataka,Shimoga,2026,3,3159.5
ragi,Karnataka,Tumkur,2026,3,3470.09
ragi,Karnataka,Bangalore,2026,4,4407.76
ragi,Karnataka,Bellary,2026,4,3067.87
ragi,Karnataka,Chamrajnagar,2026,4,3510.0
ragi,Karnataka,Chikmagalur,2026,4,3000.0
ragi,Karnataka,Chitradurga,2026,4,3291.58
ragi,Karnataka,Davangere,2026,4,2999.79
ragi,Karnataka,Hassan,2026,4,4073.02
ragi,Karnataka,Haveri,2026,4,3119.99
ragi,Karnataka,Kolar,2026,4,3621.0
ragi,Karnataka,Mandya,2026,4,3600.0
ragi,Karnataka,Mysore,2026,4,3244.72
ragi,Karnataka,Shimoga,2026,4,3113.85
ragi,Karnataka,Tumkur,2026,4,3105.88
ragi,Maharashtra,Pune,2026,4,5255.88
ragi,Maharashtra,Pune,2026,3,5265.33
ragi,Maharashtra,Pune,2026,2,5218.38
ragi,Maharashtra,Pune,2026,1,5384.56
ragi,Maharashtra,Pune,2025,1,4922.58
